{"width":1024,"SubTexture":[{"width":574,"y":1,"height":339,"name":"bakery/shadow","x":1},{"width":75,"y":375,"height":123,"name":"bakery/bread_1","x":612},{"width":159,"y":1,"height":134,"name":"bakery/table_1","x":841},{"width":35,"y":326,"height":65,"name":"bakery/seller_1","x":967},{"width":102,"y":270,"height":136,"name":"bakery/horno_1","x":863},{"width":158,"y":137,"height":131,"name":"bakery/table_2","x":863},{"width":219,"y":342,"height":160,"name":"bakery/stuff_15","x":287},{"width":85,"y":375,"height":100,"name":"bakery/stuff_14","x":689},{"width":57,"y":408,"height":36,"name":"bakery/stuff_10","x":875},{"width":57,"y":441,"height":36,"name":"bakery/stuff_11","x":934},{"width":50,"y":270,"height":54,"name":"bakery/stuff_7","x":967},{"width":47,"y":393,"height":46,"name":"bakery/stuff_9","x":967},{"width":102,"y":375,"height":126,"name":"bakery/horno_4","x":508},{"width":97,"y":408,"height":81,"name":"bakery/stuff_3","x":776},{"width":42,"y":446,"height":35,"name":"bakery/stuff_4","x":875},{"width":284,"y":342,"height":152,"name":"bakery/bakery_light_2","x":1},{"width":284,"y":221,"height":152,"name":"bakery/bakery_light_1","x":577},{"width":262,"y":1,"height":218,"name":"bakery/bakery_roof","x":577}],"height":512,"name":"bakery","imagePath":"bakery_tex.png"}