{"frameRate":24,"isGlobal":0,"armature":[{"defaultActions":[{"gotoAndPlay":"newAnimation"}],"ik":[],"type":"Armature","bone":[{"name":"root","transform":{}},{"length":104,"transform":{"y":-76.3716,"skX":-90,"skY":-90,"x":-127.6},"parent":"root","name":"bread_1"},{"transform":{"y":37.7329,"x":-112.2748},"name":"stuff_3","parent":"root"},{"transform":{"y":11.0784,"x":-270.15},"name":"stuff_7","parent":"root"},{"length":101,"transform":{"y":-99.1716,"skX":-88.302,"skY":-88.302,"x":50.3},"parent":"root","name":"horno_1"},{"transform":{"y":94.3284,"x":-1.2},"name":"stuff_10","parent":"root"},{"transform":{"y":80.5284,"x":31.15},"name":"stuff_11","parent":"root"},{"length":104,"transform":{"y":-91.9457,"skX":-90,"skY":-90,"x":-91.6599},"parent":"root","name":"bread_11"},{"length":104,"transform":{"y":-109.1071,"skX":-90,"skY":-90,"x":-55.9893},"parent":"root","name":"bread_111"},{"length":104,"transform":{"y":-125.8492,"skX":-90,"skY":-90,"x":-20.7081},"parent":"root","name":"bread_1111"},{"length":104,"transform":{"y":-52.2019,"skX":-90,"skY":-90,"x":-89.5933},"parent":"root","name":"bread_11111"},{"length":104,"transform":{"y":-72.5081,"skX":-90,"skY":-90,"x":-46.4352},"parent":"root","name":"bread_111111"},{"transform":{"y":-18.2716,"x":-207.9},"name":"stuff_31","parent":"root"},{"transform":{"y":70.3892,"x":-51.8869},"name":"stuff_32","parent":"root"},{"transform":{"y":18.0578,"x":133.5321},"name":"stuff_33","parent":"root"},{"length":101,"transform":{"y":-61.6185,"skX":-88.302,"skY":-88.302,"x":117.3379},"parent":"root","name":"horno_11"},{"length":101,"transform":{"y":-26.2567,"skX":-88.302,"skY":-88.302,"x":186.0692},"parent":"root","name":"horno_111"},{"transform":{"y":29.183,"x":-241.0252},"name":"stuff_71","parent":"root"},{"transform":{"y":-50.0552,"x":-248.4776},"name":"stuff_101","parent":"root"},{"transform":{"y":-73.2595,"x":-199.5318},"name":"stuff_111","parent":"root"},{"length":58,"transform":{"y":-22.0216,"skX":-92.6868,"skY":-92.6868,"x":-201.35},"parent":"root","name":"table_1"},{"length":58,"transform":{"y":122.9151,"skX":-92.6868,"skY":-92.6868,"x":47.5872},"parent":"root","name":"table_11"},{"length":58,"transform":{"y":61.7872,"skX":-92.6868,"skY":-92.6868,"x":157.4238},"parent":"root","name":"table_111"},{"length":77,"transform":{"y":47.1284,"skX":-90,"skY":-90,"x":-196.35},"parent":"root","name":"table_2"},{"length":77,"transform":{"y":112.4148,"skX":-90,"skY":-90,"x":-84.5921},"parent":"root","name":"table_21"},{"length":52,"transform":{"y":23.1784,"skX":-90,"skY":-90,"x":-147.8},"parent":"root","name":"seller_1"},{"length":52,"transform":{"y":72.6228,"skX":-90,"skY":-90,"x":-47.8},"parent":"root","name":"seller_11"},{"length":52,"transform":{"y":78.7339,"skX":-90,"skY":-90,"x":44.4222},"parent":"root","name":"seller_111"},{"length":52,"transform":{"y":-62.0994,"skX":-90,"skY":-90,"x":32.5889},"parent":"root","name":"seller_1111"},{"length":116,"transform":{"y":19.8784,"skX":-89.1858,"skY":-89.1858,"x":-6.65},"parent":"root","name":"stuff_15"},{"length":35,"transform":{"y":67.0784,"skX":-90.8864,"skY":-90.8864,"x":-204.45},"parent":"root","name":"stuff_9"},{"length":80,"transform":{"y":30.9784,"skX":-88.4355,"skY":-88.4355,"x":84.45},"parent":"root","name":"stuff_14"},{"length":97,"transform":{"y":-0.6716,"skX":-88.7114,"skY":-88.7114,"x":240},"parent":"root","name":"horno_4"},{"length":79,"transform":{"y":-179.0216,"skX":-86.0041,"skY":-86.0041,"x":106.1},"parent":"root","name":"bakery_roof"},{"length":22,"transform":{"y":23.1784,"skX":-91.5482,"skY":-91.5482,"x":-166.65},"parent":"root","name":"stuff_4"},{"length":22,"transform":{"y":69.5673,"skX":-91.5482,"skY":-91.5482,"x":58.6556},"parent":"root","name":"stuff_41"}],"slot":[{"name":"shadow","parent":"root","color":{}},{"z":1,"name":"bread_1111","parent":"bread_1111","color":{}},{"z":2,"name":"bread_111","parent":"bread_111","color":{}},{"z":3,"name":"bread_11","parent":"bread_11","color":{}},{"z":4,"name":"bread_1","parent":"bread_1","color":{}},{"z":5,"name":"bread_111111","parent":"bread_111111","color":{}},{"z":6,"name":"bread_11111","parent":"bread_11111","color":{}},{"z":7,"name":"table_1","parent":"table_1","color":{}},{"z":8,"name":"seller_11","parent":"seller_11","color":{}},{"z":9,"name":"horno_1","parent":"horno_1","color":{}},{"z":10,"name":"horno_11","parent":"horno_11","color":{}},{"z":11,"name":"horno_111","parent":"horno_111","color":{}},{"z":12,"name":"seller_1111","parent":"seller_1111","color":{}},{"z":13,"name":"seller_1","parent":"seller_1","color":{}},{"z":14,"name":"table_2","parent":"table_2","color":{}},{"z":15,"name":"stuff_15","parent":"stuff_15","color":{}},{"z":16,"name":"stuff_14","parent":"stuff_14","color":{}},{"z":17,"name":"seller_111","parent":"seller_111","color":{}},{"z":18,"name":"stuff_101","parent":"stuff_101","color":{}},{"z":19,"name":"table_111","parent":"table_111","color":{}},{"z":20,"name":"table_21","parent":"table_21","color":{}},{"z":21,"name":"table_11","parent":"table_11","color":{}},{"z":22,"name":"stuff_111","parent":"stuff_111","color":{}},{"z":23,"name":"stuff_7","parent":"stuff_7","color":{}},{"z":24,"name":"stuff_71","parent":"stuff_71","color":{}},{"z":25,"name":"stuff_9","parent":"stuff_9","color":{}},{"z":26,"name":"horno_4","parent":"horno_4","color":{}},{"z":27,"name":"stuff_311","parent":"stuff_31","color":{}},{"z":28,"name":"stuff_4","parent":"stuff_4","color":{}},{"z":29,"name":"bakery_light_2","parent":"bakery_roof","color":{}},{"z":30,"name":"bakery_light_1","parent":"bakery_roof","color":{}},{"z":31,"name":"bakery_roof","parent":"bakery_roof","color":{}},{"z":32,"name":"stuff_3","parent":"stuff_3","color":{}},{"z":33,"name":"stuff_33","parent":"stuff_32","color":{}},{"z":34,"name":"stuff_11","parent":"stuff_11","color":{}},{"z":35,"name":"stuff_10","parent":"stuff_10","color":{}},{"z":36,"name":"stuff_313","parent":"stuff_33","color":{}},{"z":37,"name":"stuff_41","parent":"stuff_41","color":{}}],"animation":[{"playTimes":0,"frame":[],"ik":[],"bone":[{"frame":[{"duration":73,"transform":{}}],"name":"root"},{"frame":[{"duration":4,"transform":{}},{"duration":6,"transform":{"y":-10.6967},"curve":[0.5,0,0.5,1]},{"duration":63,"transform":{}}],"name":"bread_1"},{"frame":[{"duration":18,"transform":{}},{"duration":6,"transform":{"y":-8.2282},"curve":[0.5,0,0.5,1]},{"duration":49,"transform":{}}],"name":"stuff_3"},{"frame":[{"duration":4,"transform":{}},{"duration":6,"transform":{"y":-9.8738},"curve":[0.5,0,0.5,1]},{"duration":63,"transform":{}}],"name":"stuff_7"},{"frame":[{"duration":16,"transform":{}},{"duration":6,"transform":{"y":-9.051},"curve":[0.5,0,0.5,1]},{"duration":51,"transform":{}}],"name":"horno_1"},{"frame":[{"duration":22,"transform":{}},{"duration":6,"transform":{"y":-5.7597},"curve":[0.5,0,0.5,1]},{"duration":45,"transform":{}}],"name":"stuff_10"},{"frame":[{"duration":24,"transform":{}},{"duration":6,"transform":{"y":-8.2282},"curve":[0.5,0,0.5,1]},{"duration":43,"transform":{}}],"name":"stuff_11"},{"frame":[{"duration":8,"transform":{}},{"duration":6,"transform":{"y":-9.051},"curve":[0.5,0,0.5,1]},{"duration":59,"transform":{}}],"name":"bread_11"},{"frame":[{"duration":12,"transform":{}},{"duration":6,"transform":{"y":-7.4054},"curve":[0.5,0,0.5,1]},{"duration":55,"transform":{}}],"name":"bread_111"},{"frame":[{"duration":14,"transform":{}},{"duration":6,"transform":{"y":-7.4054},"curve":[0.5,0,0.5,1]},{"duration":53,"transform":{}}],"name":"bread_1111"},{"frame":[{"duration":6,"transform":{}},{"duration":6,"transform":{"y":-13.1651},"curve":[0.5,0,0.5,1]},{"duration":61,"transform":{}}],"name":"bread_11111"},{"frame":[{"duration":10,"transform":{}},{"duration":6,"transform":{"y":-13.9879},"curve":[0.5,0,0.5,1]},{"duration":57,"transform":{}}],"name":"bread_111111"},{"frame":[{"duration":14,"transform":{}},{"duration":6,"transform":{"y":-7.4054},"curve":[0.5,0,0.5,1]},{"duration":53,"transform":{}}],"name":"stuff_31"},{"frame":[{"duration":20,"transform":{}},{"duration":6,"transform":{"y":-10.6967},"curve":[0.5,0,0.5,1]},{"duration":47,"transform":{}}],"name":"stuff_32"},{"frame":[{"duration":28,"transform":{}},{"duration":6,"transform":{"y":-7.4054},"curve":[0.5,0,0.5,1]},{"duration":39,"transform":{}}],"name":"stuff_33"},{"frame":[{"duration":18,"transform":{}},{"duration":6,"transform":{"y":-13.3708},"curve":[0.5,0,0.5,1]},{"duration":49,"transform":{}}],"name":"horno_11"},{"frame":[{"duration":20,"transform":{}},{"duration":6,"transform":{"y":-9.8738},"curve":[0.5,0,0.5,1]},{"duration":47,"transform":{}}],"name":"horno_111"},{"frame":[{"duration":6,"transform":{}},{"duration":6,"transform":{"y":-9.051},"curve":[0.5,0,0.5,1]},{"duration":61,"transform":{}}],"name":"stuff_71"},{"frame":[{"duration":10,"transform":{}},{"duration":6,"transform":{"y":-7.4054},"curve":[0.5,0,0.5,1]},{"duration":57,"transform":{}}],"name":"stuff_101"},{"frame":[{"duration":12,"transform":{}},{"duration":6,"transform":{"y":-9.051},"curve":[0.5,0,0.5,1]},{"duration":55,"transform":{}}],"name":"stuff_111"},{"frame":[{"duration":6,"transform":{"y":-12.6303},"curve":[0.5,0,0.5,1]},{"duration":67,"transform":{}}],"name":"table_1"},{"frame":[{"duration":8,"transform":{}},{"duration":6,"transform":{"y":-19.3363},"curve":[0.5,0,0.5,1]},{"duration":59,"transform":{}}],"name":"table_11"},{"frame":[{"duration":10,"transform":{}},{"duration":6,"transform":{"y":-16.4564},"curve":[0.5,0,0.5,1]},{"duration":57,"transform":{}}],"name":"table_111"},{"frame":[{"duration":4,"transform":{}},{"duration":6,"transform":{"y":-15.6336},"curve":[0.5,0,0.5,1]},{"duration":63,"transform":{}}],"name":"table_2"},{"frame":[{"duration":6,"transform":{}},{"duration":6,"transform":{"y":-20.3648},"curve":[0.5,0,0.5,1]},{"duration":61,"transform":{}}],"name":"table_21"},{"frame":[{"duration":9,"transform":{}},{"duration":6,"transform":{"y":-10.6967},"curve":[0.5,0,0.5,1]},{"duration":58,"transform":{}}],"name":"seller_1"},{"frame":[{"duration":12,"transform":{}},{"duration":6,"transform":{"y":-7.4054},"curve":[0.5,0,0.5,1]},{"duration":55,"transform":{}}],"name":"seller_11"},{"frame":[{"duration":15,"transform":{}},{"duration":6,"transform":{"y":-11.3549},"curve":[0.5,0,0.5,1]},{"duration":52,"transform":{}}],"name":"seller_111"},{"frame":[{"duration":29,"transform":{}},{"duration":6,"transform":{"y":-13.6177},"curve":[0.5,0,0.5,1]},{"duration":38,"transform":{}}],"name":"seller_1111"},{"frame":[{"duration":24,"transform":{}},{"duration":6,"transform":{"y":-9.051},"curve":[0.5,0,0.5,1]},{"duration":43,"transform":{}}],"name":"stuff_15"},{"frame":[{"duration":8,"transform":{}},{"duration":6,"transform":{"y":-13.1651},"curve":[0.5,0,0.5,1]},{"duration":59,"transform":{}}],"name":"stuff_9"},{"frame":[{"duration":26,"transform":{}},{"duration":6,"transform":{"y":-11.5195},"curve":[0.5,0,0.5,1]},{"duration":41,"transform":{}}],"name":"stuff_14"},{"frame":[{"duration":22,"transform":{}},{"duration":6,"transform":{"y":-14.8108},"curve":[0.5,0,0.5,1]},{"duration":45,"transform":{}}],"name":"horno_4"},{"frame":[{"duration":31,"transform":{}},{"duration":6,"transform":{"y":-13.9879},"curve":[0.5,0,0.5,1]},{"duration":36,"transform":{}}],"name":"bakery_roof"},{"frame":[{"duration":16,"transform":{}},{"duration":6,"transform":{"y":-7.4054},"curve":[0.5,0,0.5,1]},{"duration":51,"transform":{}}],"name":"stuff_4"},{"frame":[{"duration":26,"transform":{}},{"duration":6,"transform":{"y":-4.9369},"curve":[0.5,0,0.5,1]},{"duration":41,"transform":{}}],"name":"stuff_41"}],"slot":[{"frame":[{"duration":29,"displayIndex":-1,"tweenEasing":null},{"duration":3,"color":{"aM":0},"curve":[0.5,0,0.5,1]},{"duration":41,"tweenEasing":null}],"name":"shadow"},{"frame":[{"duration":12,"displayIndex":-1,"tweenEasing":null},{"duration":2,"color":{"aM":0},"curve":[0.5,0,0.5,1]},{"duration":59,"tweenEasing":null}],"name":"bread_1111"},{"frame":[{"duration":10,"displayIndex":-1,"tweenEasing":null},{"duration":2,"color":{"aM":0},"curve":[0.5,0,0.5,1]},{"duration":61,"tweenEasing":null}],"name":"bread_111"},{"frame":[{"duration":6,"displayIndex":-1,"tweenEasing":null},{"duration":2,"color":{"aM":0},"curve":[0.5,0,0.5,1]},{"duration":65,"tweenEasing":null}],"name":"bread_11"},{"frame":[{"duration":2,"displayIndex":-1,"tweenEasing":null},{"duration":2,"color":{"aM":0},"curve":[0.5,0,0.5,1]},{"duration":69,"tweenEasing":null}],"name":"bread_1"},{"frame":[{"duration":8,"displayIndex":-1,"tweenEasing":null},{"duration":2,"color":{"aM":0},"curve":[0.5,0,0.5,1]},{"duration":63,"tweenEasing":null}],"name":"bread_111111"},{"frame":[{"duration":4,"displayIndex":-1,"tweenEasing":null},{"duration":2,"color":{"aM":0},"curve":[0.5,0,0.5,1]},{"duration":67,"tweenEasing":null}],"name":"bread_11111"},{"frame":[{"duration":7,"displayIndex":-1,"tweenEasing":null},{"duration":2,"color":{"aM":0},"curve":[0.5,0,0.5,1]},{"duration":64,"tweenEasing":null}],"name":"seller_1"},{"frame":[{"duration":2,"displayIndex":-1,"tweenEasing":null},{"duration":2,"color":{"aM":0},"curve":[0.5,0,0.5,1]},{"duration":69,"tweenEasing":null}],"name":"table_2"},{"frame":[{"duration":13,"displayIndex":-1,"tweenEasing":null},{"duration":2,"color":{"aM":0},"curve":[0.5,0,0.5,1]},{"duration":58,"tweenEasing":null}],"name":"seller_111"},{"frame":[{"duration":8,"displayIndex":-1,"tweenEasing":null},{"duration":2,"color":{"aM":0},"curve":[0.5,0,0.5,1]},{"duration":63,"tweenEasing":null}],"name":"stuff_101"},{"frame":[{"duration":8,"displayIndex":-1,"tweenEasing":null},{"duration":2,"color":{"aM":0},"curve":[0.5,0,0.5,1]},{"duration":63,"tweenEasing":null}],"name":"table_111"},{"frame":[{"duration":4,"displayIndex":-1,"tweenEasing":null},{"duration":2,"color":{"aM":0},"curve":[0.5,0,0.5,1]},{"duration":67,"tweenEasing":null}],"name":"table_21"},{"frame":[{"duration":6,"displayIndex":-1,"tweenEasing":null},{"duration":2,"color":{"aM":0},"curve":[0.5,0,0.5,1]},{"duration":65,"tweenEasing":null}],"name":"table_11"},{"frame":[{"duration":10,"displayIndex":-1,"tweenEasing":null},{"duration":2,"color":{"aM":0},"curve":[0.5,0,0.5,1]},{"duration":61,"tweenEasing":null}],"name":"stuff_111"},{"frame":[{"duration":2,"displayIndex":-1,"tweenEasing":null},{"duration":2,"color":{"aM":0},"curve":[0.5,0,0.5,1]},{"duration":69,"tweenEasing":null}],"name":"stuff_7"},{"frame":[{"duration":4,"displayIndex":-1,"tweenEasing":null},{"duration":2,"color":{"aM":0},"curve":[0.5,0,0.5,1]},{"duration":67,"tweenEasing":null}],"name":"stuff_71"},{"frame":[{"duration":6,"displayIndex":-1,"tweenEasing":null},{"duration":2,"color":{"aM":0},"curve":[0.5,0,0.5,1]},{"duration":65,"tweenEasing":null}],"name":"stuff_9"},{"frame":[{"duration":14,"displayIndex":-1,"tweenEasing":null},{"duration":2,"color":{"aM":0},"curve":[0.5,0,0.5,1]},{"duration":57,"tweenEasing":null}],"name":"horno_1"},{"frame":[{"duration":10,"displayIndex":-1,"tweenEasing":null},{"duration":2,"color":{"aM":0},"curve":[0.5,0,0.5,1]},{"duration":61,"tweenEasing":null}],"name":"seller_11"},{"frame":[{"duration":27,"displayIndex":-1,"tweenEasing":null},{"duration":2,"color":{"aM":0},"curve":[0.5,0,0.5,1]},{"duration":44,"tweenEasing":null}],"name":"seller_1111"},{"frame":[{"duration":22,"displayIndex":-1,"tweenEasing":null},{"duration":2,"color":{"aM":0},"curve":[0.5,0,0.5,1]},{"duration":49,"tweenEasing":null}],"name":"stuff_15"},{"frame":[{"duration":16,"displayIndex":-1,"tweenEasing":null},{"duration":2,"color":{"aM":0},"curve":[0.5,0,0.5,1]},{"duration":55,"tweenEasing":null}],"name":"horno_11"},{"frame":[{"duration":18,"displayIndex":-1,"tweenEasing":null},{"duration":2,"color":{"aM":0},"curve":[0.5,0,0.5,1]},{"duration":53,"tweenEasing":null}],"name":"horno_111"},{"frame":[{"duration":20,"displayIndex":-1,"tweenEasing":null},{"duration":2,"color":{"aM":0},"curve":[0.5,0,0.5,1]},{"duration":51,"tweenEasing":null}],"name":"horno_4"},{"frame":[{"duration":12,"displayIndex":-1,"tweenEasing":null},{"duration":2,"color":{"aM":0},"curve":[0.5,0,0.5,1]},{"duration":59,"tweenEasing":null}],"name":"stuff_311"},{"frame":[{"duration":14,"displayIndex":-1,"tweenEasing":null},{"duration":2,"color":{"aM":0},"curve":[0.5,0,0.5,1]},{"duration":57,"tweenEasing":null}],"name":"stuff_4"},{"frame":[{"duration":24,"displayIndex":-1,"tweenEasing":null},{"duration":2,"color":{"aM":0},"curve":[0.5,0,0.5,1]},{"duration":47,"tweenEasing":null}],"name":"stuff_14"},{"frame":[{"duration":29,"displayIndex":-1,"tweenEasing":null},{"duration":2,"color":{"aM":0},"curve":[0.5,0,0.5,1]},{"duration":42,"tweenEasing":null}],"name":"bakery_light_2"},{"frame":[{"duration":29,"displayIndex":-1,"tweenEasing":null},{"duration":2,"color":{"aM":0},"curve":[0.5,0,0.5,1]},{"duration":6,"curve":[0.5,0,0.5,1]},{"duration":12,"curve":[0.5,0,0.5,1]},{"duration":12,"color":{"aM":0},"curve":[0.5,0,0.5,1]},{"duration":12,"curve":[0.5,0,0.5,1]},{"duration":0,"color":{"aM":0},"tweenEasing":null}],"name":"bakery_light_1"},{"frame":[{"duration":29,"displayIndex":-1,"tweenEasing":null},{"duration":2,"color":{"aM":0},"curve":[0.5,0,0.5,1]},{"duration":42,"tweenEasing":null}],"name":"bakery_roof"},{"frame":[{"duration":16,"displayIndex":-1,"tweenEasing":null},{"duration":2,"color":{"aM":0},"curve":[0.5,0,0.5,1]},{"duration":55,"tweenEasing":null}],"name":"stuff_3"},{"frame":[{"duration":18,"displayIndex":-1,"tweenEasing":null},{"duration":2,"color":{"aM":0},"curve":[0.5,0,0.5,1]},{"duration":53,"tweenEasing":null}],"name":"stuff_33"},{"frame":[{"duration":22,"displayIndex":-1,"tweenEasing":null},{"duration":2,"color":{"aM":0},"curve":[0.5,0,0.5,1]},{"duration":49,"tweenEasing":null}],"name":"stuff_11"},{"frame":[{"duration":20,"displayIndex":-1,"tweenEasing":null},{"duration":2,"color":{"aM":0},"curve":[0.5,0,0.5,1]},{"duration":51,"tweenEasing":null}],"name":"stuff_10"},{"frame":[{"duration":26,"displayIndex":-1,"tweenEasing":null},{"duration":2,"color":{"aM":0},"curve":[0.5,0,0.5,1]},{"duration":45,"tweenEasing":null}],"name":"stuff_313"},{"frame":[{"duration":24,"displayIndex":-1,"tweenEasing":null},{"duration":2,"color":{"aM":0},"curve":[0.5,0,0.5,1]},{"duration":47,"tweenEasing":null}],"name":"stuff_41"}],"ffd":[],"duration":73,"name":"newAnimation"}],"aabb":{"width":581,"y":-325.9246500346998,"height":490.9999999999999,"x":-292},"skin":[{"name":"","slot":[{"display":[{"path":"bakery/table_2","type":"image","name":"bakery/table_2","transform":{"y":2.35,"skX":90,"skY":90,"x":38.553}}],"name":"table_2"},{"display":[{"path":"bakery/stuff_15","type":"image","name":"bakery/stuff_15","transform":{"y":-0.6288,"skX":89.1858,"skY":89.1858,"x":54.7996}}],"name":"stuff_15"},{"display":[{"path":"bakery/table_1","type":"image","name":"bakery/table_1","transform":{"y":-9.1365,"skX":92.6868,"skY":92.6868,"x":31.3658}}],"name":"table_11"},{"display":[{"path":"bakery/stuff_10","type":"image","name":"bakery/stuff_10","transform":{"y":6.747,"x":-0.3}}],"name":"stuff_101"},{"display":[{"path":"bakery/seller_1","type":"image","name":"bakery/seller_1","transform":{"y":1.3,"skX":90,"skY":90,"x":26.603}}],"name":"seller_1111"},{"display":[{"path":"bakery/bread_1","type":"image","name":"bakery/bread_1","transform":{"y":1.1,"skX":90,"skY":90,"x":55.053}}],"name":"bread_111111"},{"display":[{"path":"bakery/bread_1","type":"image","name":"bakery/bread_1","transform":{"y":1.1,"skX":90,"skY":90,"x":55.053}}],"name":"bread_11"},{"display":[{"path":"bakery/stuff_7","type":"image","name":"bakery/stuff_7","transform":{"y":-8.003,"x":3.15}}],"name":"stuff_7"},{"display":[{"path":"bakery/table_1","type":"image","name":"bakery/table_1","transform":{"y":-12.9982,"skX":92.6868,"skY":92.6868,"x":31.547}}],"name":"table_111"},{"display":[{"path":"bakery/bakery_roof","type":"image","name":"bakery/bakery_roof","transform":{"y":20.203,"skX":86.0041,"skY":86.0041,"x":39.4067}}],"name":"bakery_roof"},{"display":[{"path":"bakery/stuff_10","type":"image","name":"bakery/stuff_10","transform":{"y":6.747,"x":-0.3}}],"name":"stuff_10"},{"display":[{"path":"bakery/stuff_11","type":"image","name":"bakery/stuff_11","transform":{"y":2.547,"x":-0.65}}],"name":"stuff_11"},{"display":[{"path":"bakery/bread_1","type":"image","name":"bakery/bread_1","transform":{"y":1.1,"skX":90,"skY":90,"x":55.053}}],"name":"bread_1111"},{"display":[{"path":"bakery/horno_1","type":"image","name":"bakery/horno_1","transform":{"y":6.3705,"skX":88.302,"skY":88.302,"x":44.9615}}],"name":"horno_1"},{"display":[{"path":"bakery/horno_1","type":"image","name":"bakery/horno_1","transform":{"y":6.3705,"skX":88.302,"skY":88.302,"x":44.9615}}],"name":"horno_111"},{"display":[{"path":"bakery/bakery_light_1","type":"image","name":"bakery/bakery_light_1","transform":{"y":23.6176,"skX":86.0041,"skY":86.0041,"x":-9.4742}}],"name":"bakery_light_1"},{"display":[{"path":"bakery/table_1","type":"image","name":"bakery/table_1","transform":{"y":-9.6891,"skX":92.6868,"skY":92.6868,"x":31.3917}}],"name":"table_1"},{"display":[{"path":"bakery/seller_1","type":"image","name":"bakery/seller_1","transform":{"scX":-1,"y":1.3,"skX":90,"skY":90,"x":26.603}}],"name":"seller_111"},{"display":[{"path":"bakery/bread_1","type":"image","name":"bakery/bread_1","transform":{"y":1.1,"skX":90,"skY":90,"x":55.053}}],"name":"bread_111"},{"display":[{"path":"bakery/stuff_11","type":"image","name":"bakery/stuff_11","transform":{"y":2.547,"x":-0.65}}],"name":"stuff_111"},{"display":[{"path":"bakery/horno_4","type":"image","name":"bakery/horno_4","transform":{"y":-5.8815,"skX":88.7114,"skY":88.7114,"x":39.1306}}],"name":"horno_4"},{"display":[{"path":"bakery/stuff_9","type":"image","name":"bakery/stuff_9","transform":{"y":-0.7714,"skX":90.8864,"skY":90.8864,"x":18.0171}}],"name":"stuff_9"},{"display":[{"path":"bakery/bread_1","type":"image","name":"bakery/bread_1","transform":{"y":1.1,"skX":90,"skY":90,"x":55.053}}],"name":"bread_11111"},{"display":[{"path":"bakery/stuff_4","type":"image","name":"bakery/stuff_4","transform":{"y":4.9348,"skX":91.5482,"skY":91.5482,"x":10.4735}}],"name":"stuff_4"},{"display":[{"path":"bakery/table_2","type":"image","name":"bakery/table_2","transform":{"y":2.35,"skX":90,"skY":90,"x":38.553}}],"name":"table_21"},{"display":[{"path":"bakery/seller_1","type":"image","name":"bakery/seller_1","transform":{"y":1.3,"skX":90,"skY":90,"x":26.603}}],"name":"seller_1"},{"display":[{"path":"bakery/stuff_4","type":"image","name":"bakery/stuff_4","transform":{"scX":-1,"y":4.9348,"skX":91.5482,"skY":91.5482,"x":10.4735}}],"name":"stuff_41"},{"display":[{"path":"bakery/stuff_3","type":"image","name":"bakery/stuff_3","transform":{"scX":-1,"y":-0.7186,"x":-0.6}}],"name":"stuff_313"},{"display":[{"path":"bakery/bread_1","type":"image","name":"bakery/bread_1","transform":{"y":1.1,"skX":90,"skY":90,"x":55.053}}],"name":"bread_1"},{"display":[{"path":"bakery/seller_1","type":"image","name":"bakery/seller_1","transform":{"y":1.3,"skX":90,"skY":90,"x":26.603}}],"name":"seller_11"},{"display":[{"path":"bakery/bakery_light_2","type":"image","name":"bakery/bakery_light_2","transform":{"y":23.6176,"skX":86.0041,"skY":86.0041,"x":-9.4742}}],"name":"bakery_light_2"},{"display":[{"path":"bakery/stuff_3","type":"image","name":"bakery/stuff_3","transform":{"y":-2.153,"x":-0.6}}],"name":"stuff_33"},{"display":[{"path":"bakery/stuff_3","type":"image","name":"bakery/stuff_3","transform":{"y":-2.153,"x":-0.6}}],"name":"stuff_3"},{"display":[{"path":"bakery/stuff_14","type":"image","name":"bakery/stuff_14","transform":{"y":-10.0361,"skX":88.4355,"skY":88.4355,"x":39.6438}}],"name":"stuff_14"},{"display":[{"path":"bakery/shadow","type":"image","name":"bakery/shadow","transform":{"y":-4.4247,"x":2}}],"name":"shadow"},{"display":[{"path":"bakery/stuff_7","type":"image","name":"bakery/stuff_7","transform":{"y":-8.003,"x":3.15}}],"name":"stuff_71"},{"display":[{"path":"bakery/horno_1","type":"image","name":"bakery/horno_1","transform":{"y":6.3705,"skX":88.302,"skY":88.302,"x":44.9615}}],"name":"horno_11"},{"display":[{"path":"bakery/stuff_3","type":"image","name":"bakery/stuff_3","transform":{"y":-2.153,"x":-0.6}}],"name":"stuff_311"}]}],"name":"Armature","frameRate":24}],"name":"bakery","version":"5.0"}