{"width":1024,"SubTexture":[{"width":529,"y":1,"height":320,"name":"clothing/shadow","x":1},{"width":26,"y":323,"height":46,"name":"clothing/seller_1","x":488},{"width":69,"y":218,"height":83,"name":"clothing/clothing_1","x":818},{"width":71,"y":133,"height":83,"name":"clothing/clothing_7","x":796},{"width":112,"y":375,"height":88,"name":"clothing/clothing_2","x":488},{"width":68,"y":133,"height":83,"name":"clothing/clothing_3","x":869},{"width":71,"y":375,"height":83,"name":"clothing/clothing_6_0","x":815},{"width":62,"y":375,"height":95,"name":"clothing/clothing_4","x":751},{"width":83,"y":375,"height":117,"name":"clothing/clothing_8","x":602},{"width":62,"y":375,"height":95,"name":"clothing/clothing_5","x":687},{"width":73,"y":303,"height":65,"name":"clothing/clothing_9","x":818},{"width":199,"y":323,"height":150,"name":"clothing/table","x":287},{"width":38,"y":370,"height":88,"name":"clothing/door","x":889},{"width":64,"y":1,"height":88,"name":"clothing/room","x":880},{"width":82,"y":1,"height":130,"name":"clothing/clothing_6","x":796},{"width":284,"y":221,"height":152,"name":"clothing/clothing_light_2","x":532},{"width":284,"y":323,"height":152,"name":"clothing/clothing_light_1","x":1},{"width":262,"y":1,"height":218,"name":"clothing/clothing_roof","x":532}],"height":512,"name":"clothing","imagePath":"clothing_tex.png"}