{"frameRate":24,"isGlobal":0,"armature":[{"defaultActions":[{"gotoAndPlay":"newAnimation"}],"ik":[],"type":"Armature","bone":[{"name":"root","transform":{}},{"length":65,"transform":{"y":-128.6577,"skX":-90.3066,"skY":-90.3066,"x":-63.4047},"parent":"root","name":"room"},{"length":65,"transform":{"y":-110.3995,"skX":-90.3066,"skY":-90.3066,"x":-95.9375},"parent":"root","name":"room1"},{"length":65,"transform":{"y":-90.8114,"skX":-90.3066,"skY":-90.3066,"x":-129.1363},"parent":"root","name":"room11"},{"length":65,"transform":{"y":-71.2253,"skX":-90.3066,"skY":-90.3066,"x":-162.9969},"parent":"root","name":"room111"},{"length":72,"transform":{"y":148.2848,"skX":-88.3363,"skY":-88.3363,"x":45.15},"parent":"root","name":"door"},{"length":72,"transform":{"y":110.4727,"skX":-88.3363,"skY":-88.3363,"x":109.6529},"parent":"root","name":"door1"},{"length":72,"transform":{"y":71.3134,"skX":-88.3363,"skY":-88.3363,"x":165.2071},"parent":"root","name":"door11"},{"length":41,"transform":{"y":60.8848,"skX":-90.8194,"skY":-90.8194,"x":-110.9},"parent":"root","name":"seller_1"},{"length":41,"transform":{"y":-11.7871,"skX":-90.8194,"skY":-90.8194,"x":144.7044},"parent":"root","name":"seller_11"},{"length":41,"transform":{"y":-136.175,"skX":-90.8194,"skY":-90.8194,"x":-19.7156},"parent":"root","name":"seller_12"},{"length":65,"transform":{"y":-173.8813,"skX":-90.3066,"skY":-90.3066,"x":-72.6355},"parent":"root","name":"room2"},{"length":65,"transform":{"y":-155.6231,"skX":-90.3066,"skY":-90.3066,"x":-105.1683},"parent":"root","name":"room12"},{"length":65,"transform":{"y":-136.0351,"skX":-90.3066,"skY":-90.3066,"x":-138.367},"parent":"root","name":"room112"},{"length":65,"transform":{"y":-116.449,"skX":-90.3066,"skY":-90.3066,"x":-172.2277},"parent":"root","name":"room1111"},{"length":63,"transform":{"y":107.4848,"skX":-88.4164,"skY":-88.4164,"x":-129.2},"parent":"root","name":"table"},{"length":102,"transform":{"y":-25.2152,"skX":-91.2302,"skY":-91.2302,"x":-225.9},"parent":"root","name":"clothing_6"},{"length":47,"transform":{"y":15.1848,"skX":-87.8878,"skY":-87.8878,"x":-91.85},"parent":"root","name":"clothing_3"},{"length":49,"transform":{"y":49.4848,"skX":-90,"skY":-90,"x":-30.75},"parent":"root","name":"clothing_6_0"},{"length":48,"transform":{"y":-55.5652,"skX":-88.9434,"skY":-88.9434,"x":15.4},"parent":"root","name":"clothing_1"},{"length":50,"transform":{"y":-20.8652,"skX":-88.979,"skY":-88.979,"x":73.4},"parent":"root","name":"clothing_7"},{"length":72,"transform":{"y":16.9348,"skX":-91.7274,"skY":-91.7274,"x":1.8},"parent":"root","name":"clothing_2"},{"length":75,"transform":{"y":-107.4152,"skX":-88.3331,"skY":-88.3331,"x":30.8},"parent":"root","name":"clothing_4"},{"length":88,"transform":{"y":-74.0152,"skX":-88.8388,"skY":-88.8388,"x":92.3},"parent":"root","name":"clothing_8"},{"length":76,"transform":{"y":-39.3152,"skX":-88.6964,"skY":-88.6964,"x":157.35},"parent":"root","name":"clothing_5"},{"length":35,"transform":{"y":-5.0152,"skX":-89.2758,"skY":-89.2758,"x":213.2},"parent":"root","name":"clothing_9"},{"length":74,"transform":{"y":-173.1652,"skX":-90.5416,"skY":-90.5416,"x":64.9},"parent":"root","name":"clothing_roof"}],"slot":[{"name":"shadow","parent":"root","color":{}},{"z":1,"name":"seller_1","parent":"seller_1","color":{}},{"z":2,"name":"clothing_1","parent":"clothing_1","color":{}},{"z":3,"name":"clothing_7","parent":"clothing_7","color":{}},{"z":4,"name":"clothing_2","parent":"clothing_2","color":{}},{"z":5,"name":"clothing_3","parent":"clothing_3","color":{}},{"z":6,"name":"clothing_6_0","parent":"clothing_6_0","color":{}},{"z":7,"name":"clothing_4","parent":"clothing_4","color":{}},{"z":8,"name":"clothing_8","parent":"clothing_8","color":{}},{"z":9,"name":"clothing_5","parent":"clothing_5","color":{}},{"z":10,"name":"clothing_9","parent":"clothing_9","color":{}},{"z":11,"name":"table","parent":"table","color":{}},{"z":12,"name":"door","parent":"door","color":{}},{"z":13,"name":"door1","parent":"door1","color":{}},{"z":14,"name":"door11","parent":"door11","color":{}},{"z":15,"name":"seller_11","parent":"seller_11","color":{}},{"z":16,"name":"seller_12","parent":"seller_12","color":{}},{"z":17,"name":"room2","parent":"room2","color":{}},{"z":18,"name":"room12","parent":"room12","color":{}},{"z":19,"name":"room112","parent":"room112","color":{}},{"z":20,"name":"room1111","parent":"room1111","color":{}},{"z":21,"name":"room","parent":"room","color":{}},{"z":22,"name":"room1","parent":"room1","color":{}},{"z":23,"name":"room11","parent":"room11","color":{}},{"z":24,"name":"room111","parent":"room111","color":{}},{"z":25,"name":"clothing_6","parent":"clothing_6","color":{}},{"z":26,"name":"clothing_light_2","parent":"clothing_roof","color":{}},{"z":27,"name":"clothing_light_1","parent":"clothing_roof","color":{}},{"z":28,"name":"clothing_roof","parent":"clothing_roof","color":{}}],"animation":[{"playTimes":0,"frame":[],"ik":[],"bone":[{"frame":[{"duration":84,"transform":{}}],"name":"root"},{"frame":[{"duration":16,"transform":{}},{"duration":6,"transform":{"y":-11.287},"tweenEasing":0},{"duration":62,"transform":{}}],"name":"room"},{"frame":[{"duration":14,"transform":{}},{"duration":6,"transform":{"y":-9.8762},"tweenEasing":0},{"duration":64,"transform":{}}],"name":"room1"},{"frame":[{"duration":12,"transform":{}},{"duration":6,"transform":{"y":-10.5816},"tweenEasing":0},{"duration":66,"transform":{}}],"name":"room11"},{"frame":[{"duration":10,"transform":{}},{"duration":6,"transform":{"y":-7.7598},"tweenEasing":0},{"duration":68,"transform":{}}],"name":"room111"},{"frame":[{"duration":14,"transform":{}},{"duration":6,"transform":{"y":-10.7811},"tweenEasing":0},{"duration":64,"transform":{}}],"name":"door"},{"frame":[{"duration":16,"transform":{}},{"duration":6,"transform":{"y":-9.801},"tweenEasing":0},{"duration":62,"transform":{}}],"name":"door1"},{"frame":[{"duration":18,"transform":{}},{"duration":6,"transform":{"y":-7.8408},"tweenEasing":0},{"duration":60,"transform":{}}],"name":"door11"},{"frame":[{"duration":14,"transform":{}},{"duration":6,"transform":{"y":-10.7811},"tweenEasing":0},{"duration":64,"transform":{}}],"name":"seller_1"},{"frame":[{"duration":20,"transform":{}},{"duration":6,"transform":{"y":-11.7612},"tweenEasing":0},{"duration":58,"transform":{}}],"name":"seller_11"},{"frame":[{"duration":17,"transform":{}},{"duration":6,"transform":{"y":-9.801},"tweenEasing":0},{"duration":61,"transform":{}}],"name":"seller_12"},{"frame":[{"duration":8,"transform":{}},{"duration":6,"transform":{"y":-12.6979},"tweenEasing":0},{"duration":70,"transform":{}}],"name":"room2"},{"frame":[{"duration":6,"transform":{}},{"duration":6,"transform":{"y":-10.5816},"tweenEasing":0},{"duration":72,"transform":{}}],"name":"room12"},{"frame":[{"duration":4,"transform":{}},{"duration":6,"transform":{"y":-11.287},"tweenEasing":0},{"duration":74,"transform":{}}],"name":"room112"},{"frame":[{"duration":2,"transform":{}},{"duration":6,"transform":{"y":-7.7598},"tweenEasing":0},{"duration":76,"transform":{}}],"name":"room1111"},{"frame":[{"duration":12,"transform":{}},{"duration":6,"transform":{"y":-10.7811},"tweenEasing":0},{"duration":66,"transform":{}}],"name":"table"},{"frame":[{"duration":6,"transform":{"y":-13.0911},"tweenEasing":0},{"duration":78,"transform":{}}],"name":"clothing_6"},{"frame":[{"duration":8,"transform":{}},{"duration":6,"transform":{"y":-5.8806},"tweenEasing":0},{"duration":70,"transform":{}}],"name":"clothing_3"},{"frame":[{"duration":10,"transform":{}},{"duration":6,"transform":{"y":-6.8607},"tweenEasing":0},{"duration":68,"transform":{}}],"name":"clothing_6_0"},{"frame":[{"duration":2,"transform":{}},{"duration":6,"transform":{"y":-8.7719},"tweenEasing":0},{"duration":76,"transform":{}}],"name":"clothing_1"},{"frame":[{"duration":4,"transform":{}},{"duration":6,"transform":{"y":-7.8408},"tweenEasing":0},{"duration":74,"transform":{}}],"name":"clothing_7"},{"frame":[{"duration":6,"transform":{}},{"duration":6,"transform":{"y":-7.8408},"tweenEasing":0},{"duration":72,"transform":{}}],"name":"clothing_2"},{"frame":[{"duration":18,"transform":{}},{"duration":6,"transform":{"y":-9.8762},"tweenEasing":0},{"duration":60,"transform":{}}],"name":"clothing_4"},{"frame":[{"duration":20,"transform":{}},{"duration":6,"transform":{"y":-10.5816},"tweenEasing":0},{"duration":58,"transform":{}}],"name":"clothing_8"},{"frame":[{"duration":22,"transform":{}},{"duration":6,"transform":{"y":-9.1707},"tweenEasing":0},{"duration":56,"transform":{}}],"name":"clothing_5"},{"frame":[{"duration":24,"transform":{}},{"duration":6,"transform":{"y":-9.1707},"tweenEasing":0},{"duration":54,"transform":{}}],"name":"clothing_9"},{"frame":[{"duration":20,"transform":{}},{"duration":6,"transform":{"y":-25.4335},"tweenEasing":0},{"duration":58,"transform":{}}],"name":"clothing_roof"}],"slot":[{"frame":[{"duration":31,"displayIndex":-1,"tweenEasing":null},{"duration":6,"color":{"aM":0},"tweenEasing":0},{"duration":47,"tweenEasing":null}],"name":"shadow"},{"frame":[{"duration":12,"displayIndex":-1,"tweenEasing":null},{"duration":2,"color":{"aM":0},"tweenEasing":0},{"duration":70,"tweenEasing":null}],"name":"seller_1"},{"frame":[{"duration":2,"color":{"aM":0},"tweenEasing":0},{"duration":82,"tweenEasing":null}],"name":"clothing_1"},{"frame":[{"duration":2,"displayIndex":-1,"tweenEasing":null},{"duration":2,"color":{"aM":0},"tweenEasing":0},{"duration":80,"tweenEasing":null}],"name":"clothing_7"},{"frame":[{"duration":4,"displayIndex":-1,"tweenEasing":null},{"duration":2,"color":{"aM":0},"tweenEasing":0},{"duration":78,"tweenEasing":null}],"name":"clothing_2"},{"frame":[{"duration":6,"displayIndex":-1,"tweenEasing":null},{"duration":2,"color":{"aM":0},"tweenEasing":0},{"duration":76,"tweenEasing":null}],"name":"clothing_3"},{"frame":[{"duration":8,"displayIndex":-1,"tweenEasing":null},{"duration":2,"color":{"aM":0},"tweenEasing":0},{"duration":74,"tweenEasing":null}],"name":"clothing_6_0"},{"frame":[{"duration":16,"displayIndex":-1,"tweenEasing":null},{"duration":2,"color":{"aM":0},"tweenEasing":0},{"duration":66,"tweenEasing":null}],"name":"clothing_4"},{"frame":[{"duration":18,"displayIndex":-1,"tweenEasing":null},{"duration":2,"color":{"aM":0},"tweenEasing":0},{"duration":64,"tweenEasing":null}],"name":"clothing_8"},{"frame":[{"duration":20,"displayIndex":-1,"tweenEasing":null},{"duration":2,"color":{"aM":0},"tweenEasing":0},{"duration":62,"tweenEasing":null}],"name":"clothing_5"},{"frame":[{"duration":22,"displayIndex":-1,"tweenEasing":null},{"duration":2,"color":{"aM":0},"tweenEasing":0},{"duration":60,"tweenEasing":null}],"name":"clothing_9"},{"frame":[{"duration":10,"displayIndex":-1,"tweenEasing":null},{"duration":2,"color":{"aM":0},"tweenEasing":0},{"duration":72,"tweenEasing":null}],"name":"table"},{"frame":[{"duration":12,"displayIndex":-1,"tweenEasing":null},{"duration":2,"color":{"aM":0},"tweenEasing":0},{"duration":70,"tweenEasing":null}],"name":"door"},{"frame":[{"duration":14,"displayIndex":-1,"tweenEasing":null},{"duration":2,"color":{"aM":0},"tweenEasing":0},{"duration":68,"tweenEasing":null}],"name":"door1"},{"frame":[{"duration":16,"displayIndex":-1,"tweenEasing":null},{"duration":2,"color":{"aM":0},"tweenEasing":0},{"duration":66,"tweenEasing":null}],"name":"door11"},{"frame":[{"duration":18,"displayIndex":-1,"tweenEasing":null},{"duration":2,"color":{"aM":0},"tweenEasing":0},{"duration":64,"tweenEasing":null}],"name":"seller_11"},{"frame":[{"duration":15,"displayIndex":-1,"tweenEasing":null},{"duration":2,"color":{"aM":0},"tweenEasing":0},{"duration":67,"tweenEasing":null}],"name":"seller_12"},{"frame":[{"duration":6,"displayIndex":-1,"tweenEasing":null},{"duration":2,"color":{"aM":0},"tweenEasing":0},{"duration":76,"tweenEasing":null}],"name":"room2"},{"frame":[{"duration":4,"displayIndex":-1,"tweenEasing":null},{"duration":2,"color":{"aM":0},"tweenEasing":0},{"duration":78,"tweenEasing":null}],"name":"room12"},{"frame":[{"duration":2,"displayIndex":-1,"tweenEasing":null},{"duration":2,"color":{"aM":0},"tweenEasing":0},{"duration":80,"tweenEasing":null}],"name":"room112"},{"frame":[{"duration":2,"color":{"aM":0},"tweenEasing":0},{"duration":82,"tweenEasing":null}],"name":"room1111"},{"frame":[{"duration":14,"displayIndex":-1,"tweenEasing":null},{"duration":2,"color":{"aM":0},"tweenEasing":0},{"duration":68,"tweenEasing":null}],"name":"room"},{"frame":[{"duration":12,"displayIndex":-1,"tweenEasing":null},{"duration":2,"color":{"aM":0},"tweenEasing":0},{"duration":70,"tweenEasing":null}],"name":"room1"},{"frame":[{"duration":10,"displayIndex":-1,"tweenEasing":null},{"duration":2,"color":{"aM":0},"tweenEasing":0},{"duration":72,"tweenEasing":null}],"name":"room11"},{"frame":[{"duration":8,"displayIndex":-1,"tweenEasing":null},{"duration":2,"color":{"aM":0},"tweenEasing":0},{"duration":74,"tweenEasing":null}],"name":"room111"},{"frame":[{"duration":18,"displayIndex":-1,"tweenEasing":null},{"duration":2,"color":{"aM":0},"tweenEasing":0},{"duration":64,"tweenEasing":null}],"name":"clothing_light_2"},{"frame":[{"duration":18,"displayIndex":-1,"tweenEasing":null},{"duration":2,"color":{"aM":0},"tweenEasing":0},{"duration":4,"tweenEasing":0},{"duration":12,"tweenEasing":0},{"duration":12,"color":{"aM":0},"tweenEasing":0},{"duration":12,"tweenEasing":0},{"duration":12,"color":{"aM":0},"tweenEasing":0},{"duration":12,"tweenEasing":0},{"duration":0,"color":{"aM":0},"tweenEasing":null}],"name":"clothing_light_1"},{"frame":[{"duration":18,"displayIndex":-1,"tweenEasing":null},{"duration":2,"color":{"aM":0},"tweenEasing":0},{"duration":64,"tweenEasing":null}],"name":"clothing_roof"}],"ffd":[],"duration":84,"name":"newAnimation"}],"aabb":{"width":529.9999999999997,"y":-321.61524728503525,"height":504.9999999999999,"x":-268.99999999999966},"skin":[{"name":"","slot":[{"display":[{"path":"clothing/room","type":"image","name":"clothing/room","transform":{"y":-5.0104,"skX":90.3066,"skY":90.3066,"x":29.2124}}],"name":"room1111"},{"display":[{"path":"clothing/door","type":"image","name":"clothing/door","transform":{"y":0.9521,"skX":88.3363,"skY":88.3363,"x":30.9407}}],"name":"door1"},{"display":[{"path":"clothing/clothing_6_0","type":"image","name":"clothing/clothing_6_0","transform":{"y":-1.75,"skX":90,"skY":90,"x":25.6}}],"name":"clothing_6_0"},{"display":[{"path":"clothing/clothing_light_1","type":"image","name":"clothing/clothing_light_1","transform":{"y":13.0091,"skX":90.5416,"skY":90.5416,"x":-9.6734}}],"name":"clothing_light_1"},{"display":[{"path":"clothing/room","type":"image","name":"clothing/room","transform":{"y":-5.0104,"skX":90.3066,"skY":90.3066,"x":29.2124}}],"name":"room111"},{"display":[{"path":"clothing/room","type":"image","name":"clothing/room","transform":{"y":-5.0104,"skX":90.3066,"skY":90.3066,"x":29.2124}}],"name":"room2"},{"display":[{"path":"clothing/clothing_9","type":"image","name":"clothing/clothing_9","transform":{"y":-1.9539,"skX":89.2758,"skY":89.2758,"x":20.0769}}],"name":"clothing_9"},{"display":[{"path":"clothing/clothing_7","type":"image","name":"clothing/clothing_7","transform":{"y":3.6494,"skX":88.979,"skY":88.979,"x":25.319}}],"name":"clothing_7"},{"display":[{"path":"clothing/room","type":"image","name":"clothing/room","transform":{"y":-5.0104,"skX":90.3066,"skY":90.3066,"x":29.2124}}],"name":"room"},{"display":[{"path":"clothing/door","type":"image","name":"clothing/door","transform":{"y":0.9521,"skX":88.3363,"skY":88.3363,"x":30.9407}}],"name":"door11"},{"display":[{"path":"clothing/clothing_4","type":"image","name":"clothing/clothing_4","transform":{"y":2.1602,"skX":88.3331,"skY":88.3331,"x":35.778}}],"name":"clothing_4"},{"display":[{"path":"clothing/shadow","type":"image","name":"clothing/shadow","transform":{"y":23.3848,"x":-3.5}}],"name":"shadow"},{"display":[{"path":"clothing/clothing_6","type":"image","name":"clothing/clothing_6","transform":{"y":-1.039,"skX":91.2302,"skY":91.2302,"x":49.4337}}],"name":"clothing_6"},{"display":[{"path":"clothing/room","type":"image","name":"clothing/room","transform":{"y":-5.0104,"skX":90.3066,"skY":90.3066,"x":29.2124}}],"name":"room12"},{"display":[{"path":"clothing/table","type":"image","name":"clothing/table","transform":{"y":15.6407,"skX":88.4164,"skY":88.4164,"x":38.547}}],"name":"table"},{"display":[{"path":"clothing/clothing_2","type":"image","name":"clothing/clothing_2","transform":{"y":-7.7847,"skX":91.7274,"skY":91.7274,"x":33.8}}],"name":"clothing_2"},{"display":[{"path":"clothing/room","type":"image","name":"clothing/room","transform":{"y":-5.0104,"skX":90.3066,"skY":90.3066,"x":29.2124}}],"name":"room1"},{"display":[{"path":"clothing/seller_1","type":"image","name":"clothing/seller_1","transform":{"y":-0.7924,"skX":90.8194,"skY":90.8194,"x":21.5135}}],"name":"seller_11"},{"display":[{"path":"clothing/clothing_8","type":"image","name":"clothing/clothing_8","transform":{"y":-0.6532,"skX":88.8388,"skY":88.8388,"x":42.0954}}],"name":"clothing_8"},{"display":[{"path":"clothing/clothing_roof","type":"image","name":"clothing/clothing_roof","transform":{"y":13.4723,"skX":90.5416,"skY":90.5416,"x":39.3244}}],"name":"clothing_roof"},{"display":[{"path":"clothing/seller_1","type":"image","name":"clothing/seller_1","transform":{"y":-0.7924,"skX":90.8194,"skY":90.8194,"x":21.5135}}],"name":"seller_1"},{"display":[{"path":"clothing/clothing_light_2","type":"image","name":"clothing/clothing_light_2","transform":{"y":13.0091,"skX":90.5416,"skY":90.5416,"x":-9.6734}}],"name":"clothing_light_2"},{"display":[{"path":"clothing/room","type":"image","name":"clothing/room","transform":{"y":-5.0104,"skX":90.3066,"skY":90.3066,"x":29.2124}}],"name":"room112"},{"display":[{"path":"clothing/door","type":"image","name":"clothing/door","transform":{"y":0.9521,"skX":88.3363,"skY":88.3363,"x":30.9407}}],"name":"door"},{"display":[{"path":"clothing/clothing_3","type":"image","name":"clothing/clothing_3","transform":{"y":-3.081,"skX":87.8878,"skY":87.8878,"x":25.2036}}],"name":"clothing_3"},{"display":[{"path":"clothing/room","type":"image","name":"clothing/room","transform":{"y":-5.0104,"skX":90.3066,"skY":90.3066,"x":29.2124}}],"name":"room11"},{"display":[{"path":"clothing/seller_1","type":"image","name":"clothing/seller_1","transform":{"scX":-1,"y":-0.7924,"skX":90.8194,"skY":90.8194,"x":21.5135}}],"name":"seller_12"},{"display":[{"path":"clothing/clothing_5","type":"image","name":"clothing/clothing_5","transform":{"y":2.9028,"skX":88.6964,"skY":88.6964,"x":32.8746}}],"name":"clothing_5"},{"display":[{"path":"clothing/clothing_1","type":"image","name":"clothing/clothing_1","transform":{"y":-0.3527,"skX":88.9434,"skY":88.9434,"x":24.5477}}],"name":"clothing_1"}]}],"name":"Armature","frameRate":24}],"name":"clothing","version":"5.0"}