{"frameRate":24,"isGlobal":0,"armature":[{"defaultActions":[{"gotoAndPlay":"newAnimation"}],"ik":[],"type":"Armature","bone":[{"name":"root","transform":{}},{"length":93,"transform":{"y":25.2047,"skX":-90,"skY":-90,"x":-245.9},"parent":"root","name":"table_1"},{"length":97,"transform":{"y":64.0547,"skX":-90.2657,"skY":-90.2657,"x":-179.35},"parent":"root","name":"table_11"},{"length":98,"transform":{"y":97.8047,"skX":-91.3383,"skY":-91.3383,"x":-108.6},"parent":"root","name":"table_12"},{"length":126,"transform":{"y":106.5547,"skX":-88.7561,"skY":-88.7561,"x":-46.2},"parent":"root","name":"stuff_9"},{"length":63,"transform":{"y":-12.6953,"skX":-90.8538,"skY":-90.8538,"x":-216.75},"parent":"root","name":"table_2"},{"length":61,"transform":{"y":-9.4453,"skX":-90,"skY":-90,"x":-275.9},"parent":"root","name":"table_21"},{"transform":{"y":-89.3953,"x":-253.75},"name":"stuff_3","parent":"root"},{"length":56,"transform":{"y":20.1547,"skX":-90,"skY":-90,"x":-164.55},"parent":"root","name":"stuff_12"},{"length":61,"transform":{"y":50.6547,"skX":-89.5838,"skY":-89.5838,"x":-103.05},"parent":"root","name":"stuff_10"},{"length":65,"transform":{"y":61.2547,"skX":-89.2086,"skY":-89.2086,"x":-35.1},"parent":"root","name":"stuff_8"},{"length":29,"transform":{"y":14.1047,"skX":-90,"skY":-90,"x":30.5},"parent":"root","name":"stuff_7"},{"length":59,"transform":{"y":48.8047,"skX":-90,"skY":-90,"x":-251.45},"parent":"root","name":"stuff_51"},{"length":60,"transform":{"y":105.2047,"skX":-87.8247,"skY":-87.8247,"x":-159},"parent":"root","name":"stuff_5"},{"length":63,"transform":{"y":114.4547,"skX":-90.9094,"skY":-90.9094,"x":14.2},"parent":"root","name":"stuff_2"},{"length":89,"transform":{"y":205.4547,"skX":-89.6497,"skY":-89.6497,"x":-69.15},"parent":"root","name":"stuff_1"},{"length":86,"transform":{"y":-6.1953,"skX":-88.4125,"skY":-88.4125,"x":149},"parent":"root","name":"stuff_91"},{"length":85,"transform":{"y":-45.3953,"skX":-89.6653,"skY":-89.6653,"x":143.65},"parent":"root","name":"stuff_18"},{"length":64,"transform":{"y":12.2047,"skX":-88.7092,"skY":-88.7092,"x":182.4},"parent":"root","name":"stuff_17"},{"length":68,"transform":{"y":-59.2953,"skX":-89.086,"skY":-89.086,"x":-180.95},"parent":"root","name":"stuff_16"},{"length":126,"transform":{"y":-235.4453,"skX":-90.2487,"skY":-90.2487,"x":-4.15},"parent":"root","name":"fish_sign"},{"length":232,"transform":{"y":-84.6453,"skX":-89.5695,"skY":-89.5695,"x":32.85},"parent":"root","name":"fish_roof"},{"length":82,"transform":{"y":-119.8453,"skX":-90.4185,"skY":-90.4185,"x":-75.1},"parent":"root","name":"stuff_161"},{"length":95,"transform":{"y":-176.1953,"skX":-91.0553,"skY":-91.0553,"x":25.8},"parent":"root","name":"stuff_162"},{"transform":{"y":-159.1453,"x":-109.75},"name":"stuff_281","parent":"root"},{"transform":{"y":-223.0953,"x":-8.25},"name":"stuff_28","parent":"root"},{"length":76,"transform":{"y":-156.2453,"skX":-87.7844,"skY":-87.7844,"x":140.75},"parent":"root","name":"stuff_27"},{"transform":{"y":-203.7453,"x":166.6},"name":"stuff_26","parent":"root"},{"length":75,"transform":{"y":-95.1953,"skX":-87.3317,"skY":-87.3317,"x":242.85},"parent":"root","name":"stuff_21"},{"length":38,"transform":{"y":-156.7953,"skX":-90,"skY":-90,"x":234.65},"parent":"root","name":"stuff_20"},{"length":75,"transform":{"y":-24.7953,"skX":-89.5837,"skY":-89.5837,"x":-92.7},"parent":"root","name":"stuff_23"},{"length":84,"transform":{"y":-40.0453,"skX":-91.9995,"skY":-91.9995,"x":-10},"parent":"root","name":"table_13"},{"length":149,"transform":{"y":-82.8953,"skX":-88.8658,"skY":-88.8658,"x":62.15},"parent":"root","name":"stuff_25"},{"length":66,"transform":{"y":-31.2953,"skX":-91.0284,"skY":-91.0284,"x":-140.8},"parent":"root","name":"seller_1"},{"length":63,"transform":{"y":-3.0953,"skX":-93.1623,"skY":-93.1623,"x":-92.15},"parent":"root","name":"seller_11"},{"length":61,"transform":{"y":11.5547,"skX":-91.0695,"skY":-91.0695,"x":9.95},"parent":"root","name":"seller_3"},{"transform":{"y":-65.8953,"x":-56.95},"name":"stuff_19","parent":"root"}],"slot":[{"name":"shadow","parent":"root","color":{}},{"z":1,"name":"stuff_162","parent":"stuff_162","color":{}},{"z":2,"name":"stuff_161","parent":"stuff_161","color":{}},{"z":3,"name":"stuff_281","parent":"stuff_281","color":{}},{"z":4,"name":"stuff_28","parent":"stuff_28","color":{}},{"z":5,"name":"stuff_27","parent":"stuff_27","color":{}},{"z":6,"name":"stuff_26","parent":"stuff_26","color":{}},{"z":7,"name":"stuff_25","parent":"stuff_25","color":{}},{"z":8,"name":"table_13","parent":"table_13","color":{}},{"z":9,"name":"seller_3","parent":"seller_3","color":{}},{"z":10,"name":"stuff_23","parent":"stuff_23","color":{}},{"z":11,"name":"stuff_91","parent":"stuff_91","color":{}},{"z":12,"name":"stuff_21","parent":"stuff_21","color":{}},{"z":13,"name":"stuff_20","parent":"stuff_20","color":{}},{"z":14,"name":"stuff_19","parent":"stuff_19","color":{}},{"z":15,"name":"stuff_18","parent":"stuff_18","color":{}},{"z":16,"name":"stuff_17","parent":"stuff_17","color":{}},{"z":17,"name":"stuff_16","parent":"stuff_16","color":{}},{"z":18,"name":"seller_11","parent":"seller_11","color":{}},{"z":19,"name":"seller_1","parent":"seller_1","color":{}},{"z":20,"name":"table_1","parent":"table_1","color":{}},{"z":21,"name":"table_11","parent":"table_11","color":{}},{"z":22,"name":"table_12","parent":"table_12","color":{}},{"z":23,"name":"table_2","parent":"table_2","color":{}},{"z":24,"name":"stuff_12","parent":"stuff_12","color":{}},{"z":25,"name":"stuff_10","parent":"stuff_10","color":{}},{"z":26,"name":"stuff_9","parent":"stuff_9","color":{}},{"z":27,"name":"stuff_8","parent":"stuff_8","color":{}},{"z":28,"name":"stuff_7","parent":"stuff_7","color":{}},{"z":29,"name":"stuff_51","parent":"stuff_51","color":{}},{"z":30,"name":"stuff_5","parent":"stuff_5","color":{}},{"z":31,"name":"table_21","parent":"table_21","color":{}},{"z":32,"name":"stuff_3","parent":"stuff_3","color":{}},{"z":33,"name":"stuff_2","parent":"stuff_2","color":{}},{"z":34,"name":"stuff_1","parent":"stuff_1","color":{}},{"z":35,"name":"fish_roof","parent":"fish_roof","color":{}},{"z":36,"name":"fish_sign_shadow","parent":"fish_roof","color":{}},{"z":37,"name":"fish_sign","parent":"fish_sign","color":{}},{"z":38,"name":"fish_light_2","parent":"fish_roof","color":{}},{"z":39,"name":"fish_light_1","parent":"fish_roof","color":{}}],"animation":[{"playTimes":0,"frame":[],"ik":[],"bone":[{"frame":[{"duration":69,"transform":{}}],"name":"root"},{"frame":[{"duration":3,"transform":{"y":-26.2094},"curve":[0.5,0,0.5,1]},{"duration":66,"transform":{}}],"name":"table_1"},{"frame":[{"duration":1,"transform":{}},{"duration":3,"transform":{"y":-21.9821},"curve":[0.5,0,0.5,1]},{"duration":65,"transform":{}}],"name":"table_11"},{"frame":[{"duration":2,"transform":{}},{"duration":3,"transform":{"y":-26.2094},"curve":[0.5,0,0.5,1]},{"duration":64,"transform":{}}],"name":"table_12"},{"frame":[{"duration":3,"transform":{}},{"duration":3,"transform":{"y":-18.3478},"curve":[0.5,0,0.5,1]},{"duration":63,"transform":{}}],"name":"stuff_9"},{"frame":[{"duration":2,"transform":{}},{"duration":3,"transform":{"y":-15.9269},"curve":[0.5,0,0.5,1]},{"duration":64,"transform":{}}],"name":"table_2"},{"frame":[{"duration":3,"transform":{}},{"duration":3,"transform":{"y":-23.0542},"curve":[0.5,0,0.5,1]},{"duration":63,"transform":{}}],"name":"table_21"},{"frame":[{"duration":4,"transform":{}},{"duration":3,"transform":{"y":-19.1123},"curve":[0.5,0,0.5,1]},{"duration":62,"transform":{}}],"name":"stuff_3"},{"frame":[{"duration":4,"transform":{}},{"duration":3,"transform":{"y":-24.607},"curve":[0.5,0,0.5,1]},{"duration":62,"transform":{}}],"name":"stuff_12"},{"frame":[{"duration":5,"transform":{}},{"duration":3,"transform":{"y":-20.7448},"curve":[0.5,0,0.5,1]},{"duration":61,"transform":{}}],"name":"stuff_10"},{"frame":[{"duration":6,"transform":{}},{"duration":3,"transform":{"y":-18.3159,"x":0.7963},"curve":[0.5,0,0.5,1]},{"duration":60,"transform":{}}],"name":"stuff_8"},{"frame":[{"duration":7,"transform":{}},{"duration":3,"transform":{"y":-15.9269},"curve":[0.5,0,0.5,1]},{"duration":59,"transform":{}}],"name":"stuff_7"},{"frame":[{"duration":10,"transform":{}},{"duration":3,"transform":{"y":-11.7012},"curve":[0.5,0,0.5,1]},{"duration":56,"transform":{}}],"name":"stuff_51"},{"frame":[{"duration":11,"transform":{}},{"duration":3,"transform":{"y":-10.8011},"curve":[0.5,0,0.5,1]},{"duration":55,"transform":{}}],"name":"stuff_5"},{"frame":[{"duration":12,"transform":{}},{"duration":3,"transform":{"y":-16.2017},"curve":[0.5,0,0.5,1]},{"duration":54,"transform":{}}],"name":"stuff_2"},{"frame":[{"duration":13,"transform":{}},{"duration":3,"transform":{"y":-10.8011},"curve":[0.5,0,0.5,1]},{"duration":53,"transform":{}}],"name":"stuff_1"},{"frame":[{"duration":4,"transform":{}},{"duration":3,"transform":{"y":-18.3159},"curve":[0.5,0,0.5,1]},{"duration":62,"transform":{}}],"name":"stuff_91"},{"frame":[{"duration":9,"transform":{}},{"duration":3,"transform":{"y":-14.3342},"curve":[0.5,0,0.5,1]},{"duration":57,"transform":{}}],"name":"stuff_18"},{"frame":[{"duration":10,"transform":{}},{"duration":3,"transform":{"y":-13.5014},"curve":[0.5,0,0.5,1]},{"duration":56,"transform":{}}],"name":"stuff_17"},{"frame":[{"duration":1,"transform":{}},{"duration":3,"transform":{"y":-17.7548},"curve":[0.5,0,0.5,1]},{"duration":65,"transform":{}}],"name":"stuff_16"},{"frame":[{"duration":23,"transform":{}},{"duration":3,"transform":{"y":-22.0136},"curve":[0.5,0,0.5,1]},{"duration":43,"transform":{}}],"name":"fish_sign"},{"frame":[{"duration":21,"transform":{}},{"duration":3,"transform":{"y":-29.0179},"curve":[0.5,0,0.5,1]},{"duration":45,"transform":{}}],"name":"fish_roof"},{"frame":[{"duration":2,"transform":{}},{"duration":3,"transform":{"y":-25.2832},"curve":[0.5,0,0.5,1]},{"duration":64,"transform":{}}],"name":"stuff_161"},{"frame":[{"duration":3,"transform":{}},{"duration":3,"transform":{"y":-16.6834},"curve":[0.5,0,0.5,1]},{"duration":63,"transform":{}}],"name":"stuff_162"},{"frame":[{"duration":6,"transform":{}},{"duration":3,"transform":{"y":-11.9452},"curve":[0.5,0,0.5,1]},{"duration":60,"transform":{}}],"name":"stuff_281"},{"frame":[{"duration":7,"transform":{}},{"duration":3,"transform":{"y":-12.9804},"curve":[0.5,0,0.5,1]},{"duration":59,"transform":{}}],"name":"stuff_28"},{"frame":[{"duration":5,"transform":{}},{"duration":3,"transform":{"y":-17.5196},"curve":[0.5,0,0.5,1]},{"duration":61,"transform":{}}],"name":"stuff_27"},{"frame":[{"duration":8,"transform":{}},{"duration":3,"transform":{"y":-11.9452},"curve":[0.5,0,0.5,1]},{"duration":58,"transform":{}}],"name":"stuff_26"},{"frame":[{"duration":6,"transform":{}},{"duration":3,"transform":{"y":-24.6867},"curve":[0.5,0,0.5,1]},{"duration":60,"transform":{}}],"name":"stuff_21"},{"frame":[{"duration":9,"transform":{}},{"duration":3,"transform":{"y":-10.3525},"curve":[0.5,0,0.5,1]},{"duration":57,"transform":{}}],"name":"stuff_20"},{"frame":[{"duration":14,"transform":{}},{"duration":3,"transform":{"y":-12.5113},"curve":[0.5,0,0.5,1]},{"duration":52,"transform":{}}],"name":"stuff_23"},{"frame":[{"duration":16,"transform":{}},{"duration":3,"transform":{"y":-15.3016},"curve":[0.5,0,0.5,1]},{"duration":50,"transform":{}}],"name":"table_13"},{"frame":[{"duration":17,"transform":{}},{"duration":3,"transform":{"y":-11.7012},"curve":[0.5,0,0.5,1]},{"duration":49,"transform":{}}],"name":"stuff_25"},{"frame":[{"duration":18,"transform":{}},{"duration":3,"transform":{"y":-10.0062},"curve":[0.5,0,0.5,1]},{"duration":48,"transform":{}}],"name":"seller_1"},{"frame":[{"duration":19,"transform":{}},{"duration":3,"transform":{"y":-17.0105},"curve":[0.5,0,0.5,1]},{"duration":47,"transform":{}}],"name":"seller_11"},{"frame":[{"duration":20,"transform":{}},{"duration":3,"transform":{"y":-20.0123},"curve":[0.5,0,0.5,1]},{"duration":46,"transform":{}}],"name":"seller_3"},{"frame":[{"duration":15,"transform":{}},{"duration":3,"transform":{"y":-12.6013},"curve":[0.5,0,0.5,1]},{"duration":51,"transform":{}}],"name":"stuff_19"}],"slot":[{"frame":[{"duration":19,"displayIndex":-1,"tweenEasing":null},{"duration":2,"color":{"aM":0},"curve":[0.5,0,0.5,1]},{"duration":48,"tweenEasing":null}],"name":"shadow"},{"frame":[{"duration":2,"displayIndex":-1,"tweenEasing":null},{"duration":1,"color":{"aM":0},"curve":[0.5,0,0.5,1]},{"duration":66,"tweenEasing":null}],"name":"stuff_162"},{"frame":[{"duration":1,"displayIndex":-1,"tweenEasing":null},{"duration":1,"color":{"aM":0},"curve":[0.5,0,0.5,1]},{"duration":67,"tweenEasing":null}],"name":"stuff_161"},{"frame":[{"duration":5,"displayIndex":-1,"tweenEasing":null},{"duration":1,"color":{"aM":0},"curve":[0.5,0,0.5,1]},{"duration":63,"tweenEasing":null}],"name":"stuff_281"},{"frame":[{"duration":6,"displayIndex":-1,"tweenEasing":null},{"duration":1,"color":{"aM":0},"curve":[0.5,0,0.5,1]},{"duration":62,"tweenEasing":null}],"name":"stuff_28"},{"frame":[{"duration":4,"displayIndex":-1,"tweenEasing":null},{"duration":1,"color":{"aM":0},"curve":[0.5,0,0.5,1]},{"duration":64,"tweenEasing":null}],"name":"stuff_27"},{"frame":[{"duration":7,"displayIndex":-1,"tweenEasing":null},{"duration":1,"color":{"aM":0},"curve":[0.5,0,0.5,1]},{"duration":61,"tweenEasing":null}],"name":"stuff_26"},{"frame":[{"duration":16,"displayIndex":-1,"tweenEasing":null},{"duration":1,"color":{"aM":0},"curve":[0.5,0,0.5,1]},{"duration":52,"tweenEasing":null}],"name":"stuff_25"},{"frame":[{"duration":15,"displayIndex":-1,"tweenEasing":null},{"duration":1,"color":{"aM":0},"curve":[0.5,0,0.5,1]},{"duration":53,"tweenEasing":null}],"name":"table_13"},{"frame":[{"duration":19,"displayIndex":-1,"tweenEasing":null},{"duration":1,"color":{"aM":0},"curve":[0.5,0,0.5,1]},{"duration":49,"tweenEasing":null}],"name":"seller_3"},{"frame":[{"duration":13,"displayIndex":-1,"tweenEasing":null},{"duration":1,"color":{"aM":0},"curve":[0.5,0,0.5,1]},{"duration":55,"tweenEasing":null}],"name":"stuff_23"},{"frame":[{"duration":3,"displayIndex":-1,"tweenEasing":null},{"duration":1,"color":{"aM":0},"curve":[0.5,0,0.5,1]},{"duration":65,"tweenEasing":null}],"name":"stuff_91"},{"frame":[{"duration":5,"displayIndex":-1,"tweenEasing":null},{"duration":1,"color":{"aM":0},"curve":[0.5,0,0.5,1]},{"duration":63,"tweenEasing":null}],"name":"stuff_21"},{"frame":[{"duration":8,"displayIndex":-1,"tweenEasing":null},{"duration":1,"color":{"aM":0},"curve":[0.5,0,0.5,1]},{"duration":60,"tweenEasing":null}],"name":"stuff_20"},{"frame":[{"duration":14,"displayIndex":-1,"tweenEasing":null},{"duration":1,"color":{"aM":0},"curve":[0.5,0,0.5,1]},{"duration":54,"tweenEasing":null}],"name":"stuff_19"},{"frame":[{"duration":8,"displayIndex":-1,"tweenEasing":null},{"duration":1,"color":{"aM":0},"curve":[0.5,0,0.5,1]},{"duration":60,"tweenEasing":null}],"name":"stuff_18"},{"frame":[{"duration":9,"displayIndex":-1,"tweenEasing":null},{"duration":1,"color":{"aM":0},"curve":[0.5,0,0.5,1]},{"duration":59,"tweenEasing":null}],"name":"stuff_17"},{"frame":[{"duration":1,"color":{"aM":0},"curve":[0.5,0,0.5,1]},{"duration":68,"tweenEasing":null}],"name":"stuff_16"},{"frame":[{"duration":18,"displayIndex":-1,"tweenEasing":null},{"duration":1,"color":{"aM":0},"curve":[0.5,0,0.5,1]},{"duration":50,"tweenEasing":null}],"name":"seller_11"},{"frame":[{"duration":17,"displayIndex":-1,"tweenEasing":null},{"duration":1,"color":{"aM":0},"curve":[0.5,0,0.5,1]},{"duration":51,"tweenEasing":null}],"name":"seller_1"},{"frame":[{"duration":1,"color":{"aM":0},"curve":[0.5,0,0.5,1]},{"duration":68,"tweenEasing":null}],"name":"table_11"},{"frame":[{"duration":1,"displayIndex":-1,"tweenEasing":null},{"duration":1,"color":{"aM":0},"curve":[0.5,0,0.5,1]},{"duration":67,"tweenEasing":null}],"name":"table_12"},{"frame":[{"duration":1,"displayIndex":-1,"tweenEasing":null},{"duration":1,"color":{"aM":0},"curve":[0.5,0,0.5,1]},{"duration":67,"tweenEasing":null}],"name":"table_2"},{"frame":[{"duration":3,"displayIndex":-1,"tweenEasing":null},{"duration":1,"color":{"aM":0},"curve":[0.5,0,0.5,1]},{"duration":65,"tweenEasing":null}],"name":"stuff_12"},{"frame":[{"duration":4,"displayIndex":-1,"tweenEasing":null},{"duration":1,"color":{"aM":0},"curve":[0.5,0,0.5,1]},{"duration":64,"tweenEasing":null}],"name":"stuff_10"},{"frame":[{"duration":2,"displayIndex":-1,"tweenEasing":null},{"duration":1,"color":{"aM":0},"curve":[0.5,0,0.5,1]},{"duration":66,"tweenEasing":null}],"name":"stuff_9"},{"frame":[{"duration":5,"displayIndex":-1,"tweenEasing":null},{"duration":1,"color":{"aM":0},"curve":[0.5,0,0.5,1]},{"duration":63,"tweenEasing":null}],"name":"stuff_8"},{"frame":[{"duration":6,"displayIndex":-1,"tweenEasing":null},{"duration":1,"color":{"aM":0},"curve":[0.5,0,0.5,1]},{"duration":62,"tweenEasing":null}],"name":"stuff_7"},{"frame":[{"duration":9,"displayIndex":-1,"tweenEasing":null},{"duration":1,"color":{"aM":0},"curve":[0.5,0,0.5,1]},{"duration":59,"tweenEasing":null}],"name":"stuff_51"},{"frame":[{"duration":10,"displayIndex":-1,"tweenEasing":null},{"duration":1,"color":{"aM":0},"curve":[0.5,0,0.5,1]},{"duration":58,"tweenEasing":null}],"name":"stuff_5"},{"frame":[{"duration":2,"displayIndex":-1,"tweenEasing":null},{"duration":1,"color":{"aM":0},"curve":[0.5,0,0.5,1]},{"duration":66,"tweenEasing":null}],"name":"table_21"},{"frame":[{"duration":3,"displayIndex":-1,"tweenEasing":null},{"duration":1,"color":{"aM":0},"curve":[0.5,0,0.5,1]},{"duration":65,"tweenEasing":null}],"name":"stuff_3"},{"frame":[{"duration":11,"displayIndex":-1,"tweenEasing":null},{"duration":1,"color":{"aM":0},"curve":[0.5,0,0.5,1]},{"duration":57,"tweenEasing":null}],"name":"stuff_2"},{"frame":[{"duration":12,"displayIndex":-1,"tweenEasing":null},{"duration":1,"color":{"aM":0},"curve":[0.5,0,0.5,1]},{"duration":56,"tweenEasing":null}],"name":"stuff_1"},{"frame":[{"duration":20,"displayIndex":-1,"tweenEasing":null},{"duration":1,"color":{"aM":0},"curve":[0.5,0,0.5,1]},{"duration":48,"tweenEasing":null}],"name":"fish_roof"},{"frame":[{"duration":24,"displayIndex":-1,"tweenEasing":null},{"duration":2,"color":{"aM":0},"curve":[0.5,0,0.5,1]},{"duration":43,"tweenEasing":null}],"name":"fish_sign_shadow"},{"frame":[{"duration":22,"displayIndex":-1,"tweenEasing":null},{"duration":1,"color":{"aM":0},"curve":[0.5,0,0.5,1]},{"duration":46,"tweenEasing":null}],"name":"fish_sign"},{"frame":[{"duration":26,"displayIndex":-1,"tweenEasing":null},{"duration":43,"tweenEasing":null}],"name":"fish_light_2"},{"frame":[{"duration":26,"displayIndex":-1,"tweenEasing":null},{"duration":1,"tweenEasing":null},{"duration":6,"color":{"aM":0},"curve":[0.5,0,0.5,1]},{"duration":6,"curve":[0.5,0,0.5,1]},{"duration":6,"color":{"aM":0},"curve":[0.5,0,0.5,1]},{"duration":6,"curve":[0.5,0,0.5,1]},{"duration":6,"color":{"aM":0},"curve":[0.5,0,0.5,1]},{"duration":6,"curve":[0.5,0,0.5,1]},{"duration":6,"color":{"aM":0},"curve":[0.5,0,0.5,1]},{"duration":0,"tweenEasing":null}],"name":"fish_light_1"}],"ffd":[],"duration":69,"name":"newAnimation"}],"aabb":{"width":670,"y":-403.99534785614685,"height":621.7340798568891,"x":-339.1827847441764},"skin":[{"name":"","slot":[{"display":[{"path":"fish/stuff_28","type":"image","name":"fish/stuff_28","transform":{"y":4.1877,"x":-2.532}}],"name":"stuff_281"},{"display":[{"path":"fish/stuff_12","type":"image","name":"fish/stuff_12","transform":{"y":1.05,"skX":90,"skY":90,"x":23.65}}],"name":"stuff_12"},{"display":[{"path":"fish/stuff_27","type":"image","name":"fish/stuff_27","transform":{"y":-3.3434,"skX":87.7844,"skY":87.7844,"x":41.1515}}],"name":"stuff_27"},{"display":[{"path":"fish/stuff_19","type":"image","name":"fish/stuff_19","transform":{"y":1.9,"x":-2.05}}],"name":"stuff_19"},{"display":[{"path":"fish/stuff_3","type":"image","name":"fish/stuff_3","transform":{"y":0.9,"x":5.75}}],"name":"stuff_3"},{"display":[{"path":"fish/stuff_17","type":"image","name":"fish/stuff_17","transform":{"y":8.5187,"skX":88.7092,"skY":88.7092,"x":25.8985}}],"name":"stuff_17"},{"display":[{"path":"fish/stuff_16","type":"image","name":"fish/stuff_16","transform":{"y":-39.7954,"skX":89.086,"skY":89.086,"x":15.0671}}],"name":"stuff_16"},{"display":[{"path":"fish/seller_1","type":"image","name":"fish/seller_1","transform":{"y":-0.5224,"skX":93.1623,"skY":93.1623,"x":30.0933}}],"name":"seller_11"},{"display":[{"path":"fish/stuff_9","type":"image","name":"fish/stuff_9","transform":{"y":28.3894,"skX":88.7561,"skY":88.7561,"x":60.6806}}],"name":"stuff_9"},{"display":[{"path":"fish/stuff_9","type":"image","name":"fish/stuff_9","transform":{"y":-5.4055,"skX":88.4125,"skY":88.4125,"x":43.5983}}],"name":"stuff_91"},{"display":[{"path":"fish/stuff_20","type":"image","name":"fish/stuff_20","transform":{"y":6.35,"skX":90,"skY":90,"x":14.2}}],"name":"stuff_20"},{"display":[{"path":"fish/stuff_1","type":"image","name":"fish/stuff_1","transform":{"y":-6.1217,"skX":89.6497,"skY":89.6497,"x":44.4134}}],"name":"stuff_1"},{"display":[{"path":"fish/table_2","type":"image","name":"fish/table_2","transform":{"y":-2.3206,"skX":90.8538,"skY":90.8538,"x":28.8378}}],"name":"table_2"},{"display":[{"path":"fish/stuff_7","type":"image","name":"fish/stuff_7","transform":{"y":-4,"skX":90,"skY":90,"x":10.6}}],"name":"stuff_7"},{"display":[{"path":"fish/stuff_25","type":"image","name":"fish/stuff_25","transform":{"y":-14.0549,"skX":88.8658,"skY":88.8658,"x":70.8357}}],"name":"stuff_25"},{"display":[{"path":"fish/stuff_21","type":"image","name":"fish/stuff_21","transform":{"y":5.0693,"skX":87.3317,"skY":87.3317,"x":34.0729}}],"name":"stuff_21"},{"display":[{"path":"fish/shadow","type":"image","name":"fish/shadow","transform":{"y":-12.7613,"x":-4.1828}}],"name":"shadow"},{"display":[{"path":"fish/stuff_2","type":"image","name":"fish/stuff_2","transform":{"y":6.6793,"skX":90.9094,"skY":90.9094,"x":23.847}}],"name":"stuff_2"},{"display":[{"path":"fish/stuff_16","type":"image","name":"fish/stuff_16","transform":{"y":-6.5459,"skX":91.0553,"skY":91.0553,"x":42.9892}}],"name":"stuff_162"},{"display":[{"path":"fish/stuff_28","type":"image","name":"fish/stuff_28","transform":{"y":8.1,"x":-1.75}}],"name":"stuff_28"},{"display":[{"path":"fish/stuff_8","type":"image","name":"fish/stuff_8","transform":{"y":-5.7483,"skX":89.2086,"skY":89.2086,"x":25.173}}],"name":"stuff_8"},{"display":[{"path":"fish/table_2","type":"image","name":"fish/table_2","transform":{"y":0.4969,"skX":90,"skY":90,"x":28.5979}}],"name":"table_21"},{"display":[{"path":"fish/stuff_5","type":"image","name":"fish/stuff_5","transform":{"y":4.5205,"skX":87.8247,"skY":87.8247,"x":25.8902}}],"name":"stuff_5"},{"display":[{"path":"fish/fish_sign_shadow","type":"image","name":"fish/fish_sign_shadow","transform":{"y":-27.0579,"skX":89.5695,"skY":89.5695,"x":160.6512}}],"name":"fish_sign_shadow"},{"display":[{"path":"fish/seller_1","type":"image","name":"fish/seller_1","transform":{"y":0.9227,"skX":91.0284,"skY":91.0284,"x":34.689}}],"name":"seller_1"},{"display":[{"path":"fish/fish_sign","type":"image","name":"fish/fish_sign","transform":{"y":-1.0654,"skX":90.2487,"skY":90.2487,"x":65.5552}}],"name":"fish_sign"},{"display":[{"path":"fish/fish_roof","type":"image","name":"fish/fish_roof","transform":{"y":-30.4566,"skX":89.5695,"skY":89.5695,"x":80.6234}}],"name":"fish_roof"},{"display":[{"path":"fish/fish_light_2","type":"image","name":"fish/fish_light_2","transform":{"y":-31.5652,"skX":89.5695,"skY":89.5695,"x":161.6174}}],"name":"fish_light_2"},{"display":[{"path":"fish/seller_3","type":"image","name":"fish/seller_3","transform":{"y":-5.3787,"skX":91.0695,"skY":91.0695,"x":30.6557}}],"name":"seller_3"},{"display":[{"path":"fish/table_1","type":"image","name":"fish/table_1","transform":{"y":17.4999,"skX":90.2657,"skY":90.2657,"x":46.835}}],"name":"table_11"},{"display":[{"path":"fish/table_1","type":"image","name":"fish/table_1","transform":{"y":5.699,"skX":91.3383,"skY":91.3383,"x":47.0034}}],"name":"table_12"},{"display":[{"path":"fish/stuff_10","type":"image","name":"fish/stuff_10","transform":{"y":-5.6362,"skX":89.5838,"skY":89.5838,"x":25.6097}}],"name":"stuff_10"},{"display":[{"path":"fish/stuff_23","type":"image","name":"fish/stuff_23","transform":{"y":-20.7078,"skX":89.5837,"skY":89.5837,"x":56.051}}],"name":"stuff_23"},{"display":[{"path":"fish/stuff_26","type":"image","name":"fish/stuff_26","transform":{"y":2.75,"x":-0.1}}],"name":"stuff_26"},{"display":[{"path":"fish/table_1","type":"image","name":"fish/table_1","transform":{"y":-15.6987,"skX":91.9995,"skY":91.9995,"x":39.7367}}],"name":"table_13"},{"display":[{"path":"fish/fish_light_1","type":"image","name":"fish/fish_light_1","transform":{"y":-31.5652,"skX":89.5695,"skY":89.5695,"x":161.6174}}],"name":"fish_light_1"},{"display":[{"path":"fish/stuff_16","type":"image","name":"fish/stuff_16","transform":{"y":-17.674,"skX":90.4185,"skY":90.4185,"x":31.6637}}],"name":"stuff_161"},{"display":[{"path":"fish/stuff_5","type":"image","name":"fish/stuff_5","transform":{"y":5.7337,"skX":90,"skY":90,"x":25.1373}}],"name":"stuff_51"},{"display":[{"path":"fish/stuff_18","type":"image","name":"fish/stuff_18","transform":{"y":-4.2995,"skX":89.6653,"skY":89.6653,"x":25.5753}}],"name":"stuff_18"},{"display":[{"path":"fish/table_1","type":"image","name":"fish/table_1","transform":{"y":24.4,"skX":90,"skY":90,"x":42.2}}],"name":"table_1"}]}],"name":"Armature","frameRate":24}],"name":"fish","version":"5.0"}