{"width":1024,"SubTexture":[{"frameWidth":670,"y":1,"frameHeight":461,"width":661,"frameX":-4,"height":412,"name":"fish/shadow","frameY":-42,"x":1},{"width":187,"y":177,"height":162,"name":"fish/stuff_16","x":664},{"frameWidth":122,"y":691,"frameHeight":84,"width":120,"frameX":-1,"height":79,"name":"fish/stuff_28","frameY":-3,"x":742},{"frameWidth":188,"y":942,"frameHeight":161,"width":184,"frameX":0,"height":161,"name":"fish/stuff_27","frameY":0,"x":1},{"frameWidth":123,"y":607,"frameHeight":82,"width":121,"frameX":-1,"height":82,"name":"fish/stuff_26","frameY":0,"x":849},{"frameWidth":133,"y":1105,"frameHeight":184,"width":132,"frameX":0,"height":184,"name":"fish/stuff_25","frameY":0,"x":1},{"width":133,"y":303,"height":104,"name":"fish/table_1","x":853},{"width":42,"y":607,"height":78,"name":"fish/seller_3","x":972},{"frameWidth":188,"y":780,"frameHeight":162,"width":188,"frameX":0,"height":160,"name":"fish/stuff_23","frameY":0,"x":1},{"frameWidth":187,"y":942,"frameHeight":163,"width":170,"frameX":0,"height":163,"name":"fish/stuff_9","frameY":0,"x":187},{"width":105,"y":515,"height":110,"name":"fish/stuff_21","x":742},{"width":70,"y":627,"height":60,"name":"fish/stuff_20","x":742},{"frameWidth":42,"y":303,"frameHeight":36,"width":35,"frameX":-2,"height":29,"name":"fish/stuff_19","frameY":-5,"x":988},{"width":163,"y":177,"height":124,"name":"fish/stuff_18","x":853},{"frameWidth":185,"y":780,"frameHeight":139,"width":162,"frameX":0,"height":136,"name":"fish/stuff_17","frameY":0,"x":191},{"width":41,"y":1105,"height":78,"name":"fish/seller_1","x":135},{"frameWidth":111,"y":771,"frameHeight":81,"width":106,"frameX":-3,"height":75,"name":"fish/table_2","frameY":-3,"x":864},{"width":107,"y":102,"height":73,"name":"fish/stuff_12","x":893},{"width":107,"y":691,"height":78,"name":"fish/stuff_10","x":864},{"frameWidth":125,"y":409,"frameHeight":102,"width":125,"frameX":0,"height":97,"name":"fish/stuff_8","frameY":-5,"x":864},{"frameWidth":49,"y":341,"frameHeight":43,"width":37,"frameX":-6,"height":39,"name":"fish/stuff_7","frameY":-2,"x":807},{"width":127,"y":1,"height":99,"name":"fish/stuff_5","x":893},{"width":124,"y":508,"height":97,"name":"fish/stuff_3","x":864},{"frameWidth":127,"y":772,"frameHeight":81,"width":93,"frameX":0,"height":81,"name":"fish/stuff_2","frameY":0,"x":742},{"frameWidth":132,"y":409,"frameHeight":104,"width":120,"frameX":-12,"height":104,"name":"fish/stuff_1","frameY":0,"x":742},{"width":360,"y":415,"height":363,"name":"fish/fish_roof","x":1},{"frameWidth":144,"y":341,"frameHeight":59,"width":141,"frameX":-2,"height":56,"name":"fish/fish_sign_shadow","frameY":-2,"x":664},{"width":227,"y":1,"height":174,"name":"fish/fish_sign","x":664},{"width":377,"y":415,"height":315,"name":"fish/fish_light_2","x":363},{"width":377,"y":732,"height":315,"name":"fish/fish_light_1","x":363}],"height":2048,"name":"fish","imagePath":"fish_tex.png"}