{"width":1024,"SubTexture":[{"width":565,"y":391,"height":222,"name":"fruit/shadow","x":402},{"width":226,"y":727,"height":190,"name":"fruit/table_2","x":1},{"width":226,"y":615,"height":190,"name":"fruit/table_1","x":627},{"width":141,"y":846,"height":91,"name":"fruit/f_2","x":457},{"width":225,"y":919,"height":190,"name":"fruit/table_3","x":1},{"width":223,"y":615,"height":229,"name":"fruit/center","x":402},{"width":48,"y":260,"height":92,"name":"fruit/seller_2","x":959},{"width":200,"y":1111,"height":172,"name":"fruit/stuff_1","x":1},{"width":222,"y":999,"height":150,"name":"fruit/stuff_2","x":699},{"width":223,"y":1038,"height":170,"name":"fruit/stuff_3","x":228},{"width":240,"y":999,"height":166,"name":"fruit/table_6","x":457},{"width":60,"y":678,"height":60,"name":"fruit/wm_6","x":920},{"width":60,"y":682,"height":60,"name":"fruit/wm_7","x":855},{"width":68,"y":260,"height":67,"name":"fruit/wm_8","x":889},{"width":60,"y":740,"height":59,"name":"fruit/wm_9","x":917},{"width":60,"y":801,"height":56,"name":"fruit/wm_1","x":917},{"width":60,"y":744,"height":57,"name":"fruit/wm_2","x":855},{"width":73,"y":188,"height":70,"name":"fruit/wm_3","x":889},{"width":63,"y":615,"height":61,"name":"fruit/wm_4","x":920},{"width":60,"y":939,"height":57,"name":"fruit/wm_5","x":525},{"width":226,"y":846,"height":190,"name":"fruit/table4","x":229},{"width":144,"y":727,"height":97,"name":"fruit/f_1","x":229},{"width":226,"y":807,"height":190,"name":"fruit/table_5","x":627},{"width":105,"y":1,"height":92,"name":"fruit/stuff_5","x":889},{"width":105,"y":95,"height":91,"name":"fruit/stuff_4","x":889},{"width":66,"y":939,"height":57,"name":"fruit/stuff_8","x":457},{"width":63,"y":615,"height":65,"name":"fruit/stuff_7","x":855},{"width":64,"y":329,"height":59,"name":"fruit/stuff_6","x":889},{"width":399,"y":391,"height":334,"name":"fruit/roof","x":1},{"width":442,"y":1,"height":388,"name":"fruit/light_2","x":1},{"width":442,"y":1,"height":388,"name":"fruit/light_1","x":445}],"height":2048,"name":"fruit","imagePath":"fruit_tex.png"}