{"frameRate":24,"isGlobal":0,"armature":[{"defaultActions":[{"gotoAndPlay":"newAnimation"}],"ik":[],"type":"Armature","bone":[{"name":"root","transform":{}},{"length":99,"transform":{"y":-38.9936,"skX":-92.1285,"skY":-92.1285,"x":-173.85},"parent":"root","name":"table_1"},{"length":90,"transform":{"y":-143.4436,"skX":-89.6193,"skY":-89.6193,"x":0.65},"parent":"root","name":"table_2"},{"transform":{"y":-107.7936,"x":-197.8},"name":"f_2","parent":"root"},{"length":93,"transform":{"y":-106.1436,"skX":-90.8285,"skY":-90.8285,"x":147.85},"parent":"root","name":"table_3"},{"length":95,"transform":{"y":-24.6936,"skX":-90,"skY":-90,"x":201.7},"parent":"root","name":"table4"},{"transform":{"y":-103.5436,"x":211.55},"name":"f_11","parent":"root"},{"length":100,"transform":{"y":58.7564,"skX":-87.0111,"skY":-87.0111,"x":51.25},"parent":"root","name":"table_5"},{"length":121,"transform":{"y":36.4064,"skX":-89.67,"skY":-89.67,"x":-134.1},"parent":"root","name":"table_6"},{"transform":{"y":-60.1436,"x":-189.25},"name":"wm_1","parent":"root"},{"transform":{"y":-77.2436,"x":-147.9},"name":"wm_6","parent":"root"},{"transform":{"y":-43.7436,"x":-159.7},"name":"wm_2","parent":"root"},{"transform":{"y":-66.7436,"x":-107.15},"name":"wm_7","parent":"root"},{"transform":{"y":-33.2436,"x":-127.5},"name":"wm_3","parent":"root"},{"transform":{"y":-45.6936,"x":-73.6},"name":"wm_8","parent":"root"},{"transform":{"y":-18.7936,"x":-101.2},"name":"wm_4","parent":"root"},{"transform":{"y":-13.4936,"x":-44.05},"name":"wm_9","parent":"root"},{"transform":{"y":5.5564,"x":-75.6},"name":"wm_5","parent":"root"},{"length":65,"transform":{"y":47.6064,"skX":-91.7436,"skY":-91.7436,"x":-258.25},"parent":"root","name":"stuff_1"},{"length":65,"transform":{"y":94.9064,"skX":-91.1336,"skY":-91.1336,"x":-182.05},"parent":"root","name":"stuff_2"},{"length":74,"transform":{"y":145.5064,"skX":-90.5355,"skY":-90.5355,"x":-101.2},"parent":"root","name":"stuff_3"},{"length":53,"transform":{"y":118.5564,"skX":-91.3829,"skY":-91.3829,"x":57.8},"parent":"root","name":"stuff_4"},{"length":59,"transform":{"y":72.5564,"skX":-92.5169,"skY":-92.5169,"x":137.3},"parent":"root","name":"stuff_5"},{"transform":{"y":5.5564,"x":197.75},"name":"stuff_6","parent":"root"},{"transform":{"y":-21.3936,"x":247.7},"name":"stuff_7","parent":"root"},{"transform":{"y":-50.2936,"x":296.35},"name":"stuff_8","parent":"root"},{"length":150,"transform":{"y":-57.5436,"skX":-90.5139,"skY":-90.5139,"x":28.9},"parent":"root","name":"center"},{"length":61,"transform":{"y":-8.2436,"skX":-93.0566,"skY":-93.0566,"x":-21.7},"parent":"root","name":"seller_2"},{"transform":{"y":9.6108,"x":22.4337},"name":"f_111","parent":"root"},{"transform":{"y":-208.3315,"x":-17.0947},"name":"f_21","parent":"root"},{"transform":{"y":-194.565,"x":123.2312},"name":"f_22","parent":"root"},{"length":223,"transform":{"y":-143.4936,"skX":-90.3851,"skY":-90.3851,"x":41.7},"parent":"root","name":"roof"},{"length":61,"transform":{"y":-25.0647,"skX":-93.0566,"skY":-93.0566,"x":61.1593},"parent":"root","name":"seller_21"},{"length":61,"transform":{"y":-56.8378,"skX":-93.0566,"skY":-93.0566,"x":120.3445},"parent":"root","name":"seller_211"}],"slot":[{"name":"shadow","parent":"root","color":{}},{"z":1,"name":"table_2","parent":"table_2","color":{}},{"z":2,"name":"table_1","parent":"table_1","color":{}},{"z":3,"name":"f_2","parent":"f_2","color":{}},{"z":4,"name":"table_3","parent":"table_3","color":{}},{"z":5,"name":"f_22","parent":"f_22","color":{}},{"z":6,"name":"f_21","parent":"f_21","color":{}},{"z":7,"name":"center","parent":"center","color":{}},{"z":8,"name":"seller_2","parent":"seller_2","color":{}},{"z":9,"name":"stuff_1","parent":"stuff_1","color":{}},{"z":10,"name":"stuff_2","parent":"stuff_2","color":{}},{"z":11,"name":"seller_21","parent":"seller_21","color":{}},{"z":12,"name":"seller_211","parent":"seller_211","color":{}},{"z":13,"name":"stuff_3","parent":"stuff_3","color":{}},{"z":14,"name":"table_6","parent":"table_6","color":{}},{"z":15,"name":"wm_6","parent":"wm_6","color":{}},{"z":16,"name":"wm_7","parent":"wm_7","color":{}},{"z":17,"name":"wm_8","parent":"wm_8","color":{}},{"z":18,"name":"wm_9","parent":"wm_9","color":{}},{"z":19,"name":"wm_1","parent":"wm_1","color":{}},{"z":20,"name":"wm_2","parent":"wm_2","color":{}},{"z":21,"name":"wm_3","parent":"wm_3","color":{}},{"z":22,"name":"wm_4","parent":"wm_4","color":{}},{"z":23,"name":"wm_5","parent":"wm_5","color":{}},{"z":24,"name":"table4","parent":"table4","color":{}},{"z":25,"name":"f_1","parent":"f_11","color":{}},{"z":26,"name":"table_5","parent":"table_5","color":{}},{"z":27,"name":"stuff_5","parent":"stuff_5","color":{}},{"z":28,"name":"stuff_4","parent":"stuff_4","color":{}},{"z":29,"name":"stuff_8","parent":"stuff_8","color":{}},{"z":30,"name":"stuff_7","parent":"stuff_7","color":{}},{"z":31,"name":"stuff_6","parent":"stuff_6","color":{}},{"z":32,"name":"roof","parent":"roof","color":{}},{"z":33,"name":"light_2","parent":"roof","color":{}},{"z":34,"name":"light_1","parent":"roof","color":{}},{"z":35,"name":"f_11","parent":"f_111","color":{}}],"animation":[{"playTimes":0,"frame":[],"ik":[],"bone":[{"frame":[{"duration":74,"transform":{}}],"name":"root"},{"frame":[{"duration":3,"transform":{"y":-19.3069},"tweenEasing":0},{"duration":71,"transform":{}}],"name":"table_1"},{"frame":[{"duration":2,"transform":{}},{"duration":3,"transform":{"y":-21.517},"tweenEasing":0},{"duration":69,"transform":{}}],"name":"table_2"},{"frame":[{"duration":2,"transform":{}},{"duration":3,"transform":{"y":-21.4474},"tweenEasing":0},{"duration":69,"transform":{}}],"name":"f_2"},{"frame":[{"duration":4,"transform":{}},{"duration":3,"transform":{"y":-12.8855},"tweenEasing":0},{"duration":67,"transform":{}}],"name":"table_3"},{"frame":[{"duration":6,"transform":{}},{"duration":3,"transform":{"y":-12.8855},"tweenEasing":0},{"duration":65,"transform":{}}],"name":"table4"},{"frame":[{"duration":8,"transform":{}},{"duration":3,"transform":{"y":-11.9651},"tweenEasing":0},{"duration":63,"transform":{}}],"name":"f_11"},{"frame":[{"duration":8,"transform":{}},{"duration":3,"transform":{"y":-14.5882},"tweenEasing":0},{"duration":63,"transform":{}}],"name":"table_5"},{"frame":[{"duration":10,"transform":{}},{"duration":3,"transform":{"y":-17.4874},"tweenEasing":0},{"duration":61,"transform":{}}],"name":"table_6"},{"frame":[{"duration":11,"transform":{}},{"duration":2,"transform":{"y":-12.8855},"tweenEasing":0},{"duration":61,"transform":{}}],"name":"wm_1"},{"frame":[{"duration":12,"transform":{}},{"duration":2,"transform":{"y":-11.0447},"tweenEasing":0},{"duration":60,"transform":{}}],"name":"wm_6"},{"frame":[{"duration":13,"transform":{}},{"duration":2,"transform":{"y":-7.3631},"tweenEasing":0},{"duration":59,"transform":{}}],"name":"wm_2"},{"frame":[{"duration":14,"transform":{}},{"duration":2,"transform":{"y":-11.0447},"tweenEasing":0},{"duration":58,"transform":{}}],"name":"wm_7"},{"frame":[{"duration":15,"transform":{}},{"duration":2,"transform":{"y":-10.1243},"tweenEasing":0},{"duration":57,"transform":{}}],"name":"wm_3"},{"frame":[{"duration":16,"transform":{}},{"duration":2,"transform":{"y":-11.9651},"tweenEasing":0},{"duration":56,"transform":{}}],"name":"wm_8"},{"frame":[{"duration":17,"transform":{}},{"duration":2,"transform":{"y":-8.2835},"tweenEasing":0},{"duration":55,"transform":{}}],"name":"wm_4"},{"frame":[{"duration":18,"transform":{}},{"duration":2,"transform":{"y":-10.1243},"tweenEasing":0},{"duration":54,"transform":{}}],"name":"wm_9"},{"frame":[{"duration":19,"transform":{}},{"duration":2,"transform":{"y":-7.3631},"tweenEasing":0},{"duration":53,"transform":{}}],"name":"wm_5"},{"frame":[{"duration":8,"transform":{}},{"duration":3,"transform":{"y":-12.8855},"tweenEasing":0},{"duration":63,"transform":{}}],"name":"stuff_1"},{"frame":[{"duration":10,"transform":{}},{"duration":3,"transform":{"y":-16.5671},"tweenEasing":0},{"duration":61,"transform":{}}],"name":"stuff_2"},{"frame":[{"duration":12,"transform":{}},{"duration":3,"transform":{"y":-18.4078},"tweenEasing":0},{"duration":59,"transform":{}}],"name":"stuff_3"},{"frame":[{"duration":14,"transform":{}},{"duration":3,"transform":{"y":-15.5796},"tweenEasing":0},{"duration":57,"transform":{}}],"name":"stuff_4"},{"frame":[{"duration":16,"transform":{}},{"duration":3,"transform":{"y":-8.389},"tweenEasing":0},{"duration":55,"transform":{}}],"name":"stuff_5"},{"frame":[{"duration":18,"transform":{}},{"duration":3,"transform":{"y":-15.5796},"tweenEasing":0},{"duration":53,"transform":{}}],"name":"stuff_6"},{"frame":[{"duration":19,"transform":{}},{"duration":3,"transform":{"y":-9.5874},"tweenEasing":0},{"duration":52,"transform":{}}],"name":"stuff_7"},{"frame":[{"duration":20,"transform":{}},{"duration":3,"transform":{"y":-10.7858},"tweenEasing":0},{"duration":51,"transform":{}}],"name":"stuff_8"},{"frame":[{"duration":28,"transform":{}},{"duration":3,"transform":{"y":-11.4622},"tweenEasing":0},{"duration":43,"transform":{}}],"name":"center"},{"frame":[{"duration":22,"transform":{}},{"duration":3,"transform":{"y":-19.1037},"tweenEasing":0},{"duration":49,"transform":{}}],"name":"seller_2"},{"frame":[{"duration":10,"transform":{}},{"duration":3,"transform":{"y":-16.5671},"tweenEasing":0},{"duration":61,"transform":{}}],"name":"f_111"},{"frame":[{"duration":4,"transform":{}},{"duration":3,"transform":{"y":-18.6862},"tweenEasing":0},{"duration":67,"transform":{}}],"name":"f_21"},{"frame":[{"duration":6,"transform":{}},{"duration":3,"transform":{"y":-22.0894},"tweenEasing":0},{"duration":65,"transform":{}}],"name":"f_22"},{"frame":[{"duration":32,"transform":{}},{"duration":3,"transform":{"y":-19.1037},"tweenEasing":0},{"duration":39,"transform":{}}],"name":"roof"},{"frame":[{"duration":24,"transform":{}},{"duration":3,"transform":{"y":-17.1934},"tweenEasing":0},{"duration":47,"transform":{}}],"name":"seller_21"},{"frame":[{"duration":26,"transform":{}},{"duration":3,"transform":{"y":-15.283},"tweenEasing":0},{"duration":45,"transform":{}}],"name":"seller_211"}],"slot":[{"frame":[{"duration":26,"displayIndex":-1,"tweenEasing":null},{"duration":3,"color":{"aM":0},"tweenEasing":0},{"duration":45,"tweenEasing":null}],"name":"shadow"},{"frame":[{"duration":1,"displayIndex":-1,"tweenEasing":null},{"duration":1,"color":{"aM":0},"tweenEasing":0},{"duration":72,"tweenEasing":null}],"name":"table_2"},{"frame":[{"duration":1,"displayIndex":-1,"tweenEasing":null},{"duration":1,"color":{"aM":0},"tweenEasing":0},{"duration":72,"tweenEasing":null}],"name":"f_2"},{"frame":[{"duration":3,"displayIndex":-1,"tweenEasing":null},{"duration":1,"color":{"aM":0},"tweenEasing":0},{"duration":70,"tweenEasing":null}],"name":"table_3"},{"frame":[{"duration":5,"displayIndex":-1,"tweenEasing":null},{"duration":1,"color":{"aM":0},"tweenEasing":0},{"duration":68,"tweenEasing":null}],"name":"f_22"},{"frame":[{"duration":3,"displayIndex":-1,"tweenEasing":null},{"duration":1,"color":{"aM":0},"tweenEasing":0},{"duration":70,"tweenEasing":null}],"name":"f_21"},{"frame":[{"duration":27,"displayIndex":-1,"tweenEasing":null},{"duration":1,"color":{"aM":0},"tweenEasing":0},{"duration":46,"tweenEasing":null}],"name":"center"},{"frame":[{"duration":21,"displayIndex":-1,"tweenEasing":null},{"duration":1,"color":{"aM":0},"tweenEasing":0},{"duration":52,"tweenEasing":null}],"name":"seller_2"},{"frame":[{"duration":7,"displayIndex":-1,"tweenEasing":null},{"duration":1,"color":{"aM":0},"tweenEasing":0},{"duration":66,"tweenEasing":null}],"name":"stuff_1"},{"frame":[{"duration":9,"displayIndex":-1,"tweenEasing":null},{"duration":1,"color":{"aM":0},"tweenEasing":0},{"duration":64,"tweenEasing":null}],"name":"stuff_2"},{"frame":[{"duration":11,"displayIndex":-1,"tweenEasing":null},{"duration":1,"color":{"aM":0},"tweenEasing":0},{"duration":62,"tweenEasing":null}],"name":"stuff_3"},{"frame":[{"duration":9,"displayIndex":-1,"tweenEasing":null},{"duration":1,"color":{"aM":0},"tweenEasing":0},{"duration":64,"tweenEasing":null}],"name":"table_6"},{"frame":[{"duration":11,"displayIndex":-1,"tweenEasing":null},{"duration":1,"color":{"aM":0},"tweenEasing":0},{"duration":62,"tweenEasing":null}],"name":"wm_6"},{"frame":[{"duration":13,"displayIndex":-1,"tweenEasing":null},{"duration":1,"color":{"aM":0},"tweenEasing":0},{"duration":60,"tweenEasing":null}],"name":"wm_7"},{"frame":[{"duration":15,"displayIndex":-1,"tweenEasing":null},{"duration":1,"color":{"aM":0},"tweenEasing":0},{"duration":58,"tweenEasing":null}],"name":"wm_8"},{"frame":[{"duration":17,"displayIndex":-1,"tweenEasing":null},{"duration":1,"color":{"aM":0},"tweenEasing":0},{"duration":56,"tweenEasing":null}],"name":"wm_9"},{"frame":[{"duration":10,"displayIndex":-1,"tweenEasing":null},{"duration":1,"color":{"aM":0},"tweenEasing":0},{"duration":63,"tweenEasing":null}],"name":"wm_1"},{"frame":[{"duration":12,"displayIndex":-1,"tweenEasing":null},{"duration":1,"color":{"aM":0},"tweenEasing":0},{"duration":61,"tweenEasing":null}],"name":"wm_2"},{"frame":[{"duration":14,"displayIndex":-1,"tweenEasing":null},{"duration":1,"color":{"aM":0},"tweenEasing":0},{"duration":59,"tweenEasing":null}],"name":"wm_3"},{"frame":[{"duration":16,"displayIndex":-1,"tweenEasing":null},{"duration":1,"color":{"aM":0},"tweenEasing":0},{"duration":57,"tweenEasing":null}],"name":"wm_4"},{"frame":[{"duration":18,"displayIndex":-1,"tweenEasing":null},{"duration":1,"color":{"aM":0},"tweenEasing":0},{"duration":55,"tweenEasing":null}],"name":"wm_5"},{"frame":[{"duration":5,"displayIndex":-1,"tweenEasing":null},{"duration":1,"color":{"aM":0},"tweenEasing":0},{"duration":68,"tweenEasing":null}],"name":"table4"},{"frame":[{"duration":7,"displayIndex":-1,"tweenEasing":null},{"duration":1,"color":{"aM":0},"tweenEasing":0},{"duration":66,"tweenEasing":null}],"name":"f_1"},{"frame":[{"duration":7,"displayIndex":-1,"tweenEasing":null},{"duration":1,"color":{"aM":0},"tweenEasing":0},{"duration":66,"tweenEasing":null}],"name":"table_5"},{"frame":[{"duration":15,"displayIndex":-1,"tweenEasing":null},{"duration":1,"color":{"aM":0},"tweenEasing":0},{"duration":58,"tweenEasing":null}],"name":"stuff_5"},{"frame":[{"duration":13,"displayIndex":-1,"tweenEasing":null},{"duration":1,"color":{"aM":0},"tweenEasing":0},{"duration":60,"tweenEasing":null}],"name":"stuff_4"},{"frame":[{"duration":19,"displayIndex":-1,"tweenEasing":null},{"duration":55,"tweenEasing":null}],"name":"stuff_8"},{"frame":[{"duration":18,"displayIndex":-1,"tweenEasing":null},{"duration":1,"color":{"aM":0},"tweenEasing":0},{"duration":55,"tweenEasing":null}],"name":"stuff_7"},{"frame":[{"duration":17,"displayIndex":-1,"tweenEasing":null},{"duration":1,"color":{"aM":0},"tweenEasing":0},{"duration":56,"tweenEasing":null}],"name":"stuff_6"},{"frame":[{"duration":31,"displayIndex":-1,"tweenEasing":null},{"duration":1,"color":{"aM":0},"tweenEasing":0},{"duration":42,"tweenEasing":null}],"name":"roof"},{"frame":[{"duration":31,"displayIndex":-1,"tweenEasing":null},{"duration":1,"color":{"aM":0},"tweenEasing":0},{"duration":42,"tweenEasing":null}],"name":"light_2"},{"frame":[{"duration":31,"displayIndex":-1,"tweenEasing":null},{"duration":1,"color":{"aM":0},"tweenEasing":0},{"duration":6,"tweenEasing":0},{"duration":6,"color":{"aM":0},"tweenEasing":0},{"duration":6,"tweenEasing":0},{"duration":6,"color":{"aM":0},"tweenEasing":0},{"duration":6,"tweenEasing":0},{"duration":6,"color":{"aM":0},"tweenEasing":0},{"duration":6,"tweenEasing":0},{"duration":0,"color":{"aM":0},"tweenEasing":null}],"name":"light_1"},{"frame":[{"duration":9,"displayIndex":-1,"tweenEasing":null},{"duration":1,"color":{"aM":0},"tweenEasing":0},{"duration":64,"tweenEasing":null}],"name":"f_11"},{"frame":[{"duration":23,"displayIndex":-1,"tweenEasing":null},{"duration":1,"color":{"aM":0},"tweenEasing":0},{"duration":50,"tweenEasing":null}],"name":"seller_21"},{"frame":[{"duration":25,"displayIndex":-1,"tweenEasing":null},{"duration":1,"color":{"aM":0},"tweenEasing":0},{"duration":48,"tweenEasing":null}],"name":"seller_211"}],"ffd":[],"duration":74,"name":"newAnimation"}],"aabb":{"width":668.9999999999995,"y":-432.79362322962925,"height":591.0000000000005,"x":-339.99999999999955},"skin":[{"name":"","slot":[{"display":[{"path":"fruit/shadow","type":"image","name":"fruit/shadow","transform":{"y":46.2064,"x":46.5}}],"name":"shadow"},{"display":[{"path":"fruit/table_3","type":"image","name":"fruit/table_3","transform":{"y":-10.573,"skX":90.8285,"skY":90.8285,"x":53.8085}}],"name":"table_3"},{"display":[{"path":"fruit/f_2","type":"image","name":"fruit/f_2","transform":{"y":5.5,"x":-1.7}}],"name":"f_2"},{"display":[{"path":"fruit/f_1","type":"image","name":"fruit/f_1","transform":{"y":3.25,"x":-9.55}}],"name":"f_1"},{"display":[{"path":"fruit/wm_9","type":"image","name":"fruit/wm_9","transform":{"y":1.2,"x":-3.95}}],"name":"wm_9"},{"display":[{"path":"fruit/seller_2","type":"image","name":"fruit/seller_2","transform":{"scX":-1,"y":-1.613,"skX":93.0566,"skY":93.0566,"x":31.6811}}],"name":"seller_21"},{"display":[{"path":"fruit/roof","type":"image","name":"fruit/roof","transform":{"y":-29.5117,"skX":90.3851,"skY":90.3851,"x":102.5007}}],"name":"roof"},{"display":[{"path":"fruit/center","type":"image","name":"fruit/center","transform":{"y":-6.783,"skX":90.5139,"skY":90.5139,"x":68.8136}}],"name":"center"},{"display":[{"path":"fruit/stuff_8","type":"image","name":"fruit/stuff_8","transform":{"y":1,"x":-4.35}}],"name":"stuff_8"},{"display":[{"path":"fruit/wm_4","type":"image","name":"fruit/wm_4","transform":{"y":5.5,"x":3.7}}],"name":"wm_4"},{"display":[{"path":"fruit/wm_6","type":"image","name":"fruit/wm_6","transform":{"y":7.45,"x":2.9}}],"name":"wm_6"},{"display":[{"path":"fruit/light_2","type":"image","name":"fruit/light_2","transform":{"y":-31.0587,"skX":90.3851,"skY":90.3851,"x":95.5109}}],"name":"light_2"},{"display":[{"path":"fruit/stuff_2","type":"image","name":"fruit/stuff_2","transform":{"y":34.2048,"skX":91.1336,"skY":91.1336,"x":58.0347}}],"name":"stuff_2"},{"display":[{"path":"fruit/table_5","type":"image","name":"fruit/table_5","transform":{"y":-12.4547,"skX":87.0111,"skY":87.0111,"x":41.9577}}],"name":"table_5"},{"display":[{"path":"fruit/wm_1","type":"image","name":"fruit/wm_1","transform":{"y":1.35,"x":4.25}}],"name":"wm_1"},{"display":[{"path":"fruit/seller_2","type":"image","name":"fruit/seller_2","transform":{"scX":-1,"y":-1.613,"skX":93.0566,"skY":93.0566,"x":31.6811}}],"name":"seller_211"},{"display":[{"path":"fruit/table_1","type":"image","name":"fruit/table_1","transform":{"y":16.0987,"skX":92.1285,"skY":92.1285,"x":60.2436}}],"name":"table_1"},{"display":[{"path":"fruit/f_2","type":"image","name":"fruit/f_2","transform":{"y":5.5,"x":-1.7}}],"name":"f_21"},{"display":[{"path":"fruit/f_2","type":"image","name":"fruit/f_2","transform":{"scX":-1,"y":5.5,"x":-1.7}}],"name":"f_22"},{"display":[{"path":"fruit/wm_5","type":"image","name":"fruit/wm_5","transform":{"y":-0.85,"x":-0.4}}],"name":"wm_5"},{"display":[{"path":"fruit/wm_7","type":"image","name":"fruit/wm_7","transform":{"y":4.95,"x":3.15}}],"name":"wm_7"},{"display":[{"path":"fruit/table_2","type":"image","name":"fruit/table_2","transform":{"y":-7.9445,"skX":89.6193,"skY":89.6193,"x":44.2982}}],"name":"table_2"},{"display":[{"path":"fruit/stuff_1","type":"image","name":"fruit/stuff_1","transform":{"y":20.2315,"skX":91.7436,"skY":91.7436,"x":64.8144}}],"name":"stuff_1"},{"display":[{"path":"fruit/seller_2","type":"image","name":"fruit/seller_2","transform":{"y":-1.613,"skX":93.0566,"skY":93.0566,"x":31.6811}}],"name":"seller_2"},{"display":[{"path":"fruit/wm_2","type":"image","name":"fruit/wm_2","transform":{"y":0.45,"x":1.7}}],"name":"wm_2"},{"display":[{"path":"fruit/stuff_3","type":"image","name":"fruit/stuff_3","transform":{"y":29.3744,"skX":90.5355,"skY":90.5355,"x":72.0286}}],"name":"stuff_3"},{"display":[{"path":"fruit/light_1","type":"image","name":"fruit/light_1","transform":{"y":-31.0587,"skX":90.3851,"skY":90.3851,"x":95.5109}}],"name":"light_1"},{"display":[{"path":"fruit/stuff_7","type":"image","name":"fruit/stuff_7","transform":{"y":-3.9,"x":-3.2}}],"name":"stuff_7"},{"display":[{"path":"fruit/stuff_6","type":"image","name":"fruit/stuff_6","transform":{"y":3.15,"x":1.25}}],"name":"stuff_6"},{"display":[{"path":"fruit/table4","type":"image","name":"fruit/table4","transform":{"y":-7.7,"skX":90,"skY":90,"x":47.1}}],"name":"table4"},{"display":[{"path":"fruit/wm_8","type":"image","name":"fruit/wm_8","transform":{"y":5.4,"x":0.6}}],"name":"wm_8"},{"display":[{"path":"fruit/f_1","type":"image","name":"fruit/f_1","transform":{"y":3.25,"x":-9.55}}],"name":"f_11"},{"display":[{"path":"fruit/stuff_5","type":"image","name":"fruit/stuff_5","transform":{"y":-8.7652,"skX":92.5169,"skY":92.5169,"x":23.7578}}],"name":"stuff_5"},{"display":[{"path":"fruit/stuff_4","type":"image","name":"fruit/stuff_4","transform":{"y":-0.6516,"skX":91.3829,"skY":91.3829,"x":26.8736}}],"name":"stuff_4"},{"display":[{"path":"fruit/wm_3","type":"image","name":"fruit/wm_3","transform":{"y":3.45,"x":3}}],"name":"wm_3"},{"display":[{"path":"fruit/table_6","type":"image","name":"fruit/table_6","transform":{"y":12.8568,"skX":89.67,"skY":89.67,"x":42.2747}}],"name":"table_6"}]}],"name":"Armature","frameRate":24}],"name":"fruit","version":"5.0"}