{"width":1024,"SubTexture":[{"frameWidth":475,"y":1,"frameHeight":309,"width":465,"frameX":-10,"height":300,"name":"pork/table_shadow","frameY":-9,"x":1},{"frameWidth":204,"y":517,"frameHeight":162,"width":201,"frameX":0,"height":156,"name":"pork/mesa_copia_2","frameY":0,"x":439},{"width":35,"y":584,"height":65,"name":"pork/seller_1","x":985},{"width":35,"y":517,"height":65,"name":"pork/seller_2","x":985},{"width":176,"y":663,"height":144,"name":"pork/mostrador_copia_4","x":807},{"width":175,"y":688,"height":144,"name":"pork/mostrador_copia_5","x":617},{"width":176,"y":675,"height":144,"name":"pork/mostrador_copia_6","x":439},{"width":176,"y":517,"height":144,"name":"pork/mostrador_copia","x":807},{"width":108,"y":426,"height":89,"name":"pork/stuff_11","x":892},{"width":104,"y":773,"height":62,"name":"pork/stuff_8","x":92},{"width":104,"y":219,"height":66,"name":"pork/stuff_3","x":903},{"width":87,"y":695,"height":76,"name":"pork/box_1","x":78},{"width":110,"y":1,"height":107,"name":"pork/stuff_7","x":903},{"width":110,"y":809,"height":107,"name":"pork/stuff_6","x":794},{"width":104,"y":933,"height":62,"name":"pork/stuff_5","x":1},{"width":42,"y":787,"height":35,"name":"pork/stuff_4","x":240},{"width":42,"y":772,"height":35,"name":"pork/stuff_2","x":316},{"width":110,"y":110,"height":107,"name":"pork/stuff_1","x":903},{"width":109,"y":287,"height":137,"name":"pork/cupboard_1","x":892},{"width":109,"y":809,"height":104,"name":"pork/cupboard_3","x":906},{"width":75,"y":695,"height":110,"name":"pork/hang_14","x":1},{"width":41,"y":695,"height":75,"name":"pork/hang_6","x":316},{"width":40,"y":737,"height":90,"name":"pork/hang_5","x":198},{"width":40,"y":695,"height":90,"name":"pork/hang_4","x":274},{"width":89,"y":821,"height":110,"name":"pork/hang_3","x":1},{"width":20,"y":426,"height":76,"name":"pork/hang_2","x":1002},{"width":41,"y":695,"height":75,"name":"pork/hang_1","x":359},{"width":433,"y":1,"height":284,"name":"pork/pork_roof2","x":468},{"width":422,"y":287,"height":228,"name":"pork/pork_roof","x":468},{"width":105,"y":695,"height":40,"name":"pork/pork_sign_b_shadow","x":167},{"width":163,"y":517,"height":169,"name":"pork/pork_sign_b","x":642},{"width":436,"y":303,"height":194,"name":"pork/pork_light_p","x":1},{"width":436,"y":499,"height":194,"name":"pork/pork_light_w","x":1},{"width":83,"y":915,"height":88,"name":"pork/pork_sign_s","x":906}],"height":1024,"name":"pork","imagePath":"pork_tex.png"}