{"frameRate":24,"isGlobal":0,"armature":[{"defaultActions":[{"gotoAndPlay":"newAnimation"}],"ik":[],"type":"Armature","bone":[{"name":"root","transform":{}},{"length":86,"transform":{"y":122.4857,"skX":-91.8487,"skY":-91.8487,"x":57.6},"parent":"root","name":"mostrador_copia_6"},{"transform":{"y":-169.0143,"x":-141.7},"name":"pork_sign_s","parent":"root"},{"transform":{"y":-241.5143,"x":-16.7},"name":"roof","parent":"root"},{"transform":{"y":-82.3643,"x":-50},"name":"roof2","parent":"root"},{"transform":{"y":-177.2143,"x":-13.25},"name":"hanging","parent":"root"},{"length":140,"transform":{"y":-236.5143,"skX":-88.6375,"skY":-88.6375,"x":3.3},"parent":"root","name":"pork_sign_b"},{"length":81,"transform":{"y":-19.7643,"skX":-86.3426,"skY":-86.3426,"x":-238.2},"parent":"root","name":"stuff_7"},{"length":92,"transform":{"y":13.0857,"skX":-87.1638,"skY":-87.1638,"x":-232.45},"parent":"root","name":"mostrador_copia_2"},{"length":46,"transform":{"y":25.7857,"skX":-87.1804,"skY":-87.1804,"x":-254.95},"parent":"root","name":"box_2"},{"length":85,"transform":{"y":23.4857,"skX":-87.2833,"skY":-87.2833,"x":-164.4},"parent":"root","name":"stuff_6"},{"length":77,"transform":{"y":93.8357,"skX":-86.5922,"skY":-86.5922,"x":-87.65},"parent":"root","name":"mostrador_copia"},{"length":50,"transform":{"y":62.6857,"skX":-86.7295,"skY":-86.7295,"x":-194.95},"parent":"root","name":"box_1"},{"length":26,"transform":{"y":69.0357,"skX":-91.5189,"skY":-91.5189,"x":-36.1},"parent":"root","name":"stuff_4"},{"transform":{"y":84.2857,"x":20.8},"name":"stuff_3","parent":"root"},{"transform":{"y":35.0357,"x":-92.3},"name":"stuff_5","parent":"root"},{"length":25,"transform":{"y":65.5857,"skX":-86.7948,"skY":-86.7948,"x":81.2},"parent":"root","name":"stuff_2"},{"length":85,"transform":{"y":72.4857,"skX":-89.5301,"skY":-89.5301,"x":136.7},"parent":"root","name":"mostrador_copia_7"},{"length":83,"transform":{"y":40.5857,"skX":-89.0371,"skY":-89.0371,"x":152.65},"parent":"root","name":"stuff_1"},{"length":86,"transform":{"y":-33.6643,"skX":-92.2959,"skY":-92.2959,"x":-140.9},"parent":"root","name":"mostrador_copia_5"},{"transform":{"y":-94.7643,"x":-153.35},"name":"stuff_8","parent":"root"},{"length":85,"transform":{"y":-107.9143,"skX":-87.6518,"skY":-87.6518,"x":-18.75},"parent":"root","name":"mostrador_copia_4"},{"transform":{"y":-141.9143,"x":-75.65},"name":"stuff_9","parent":"root"},{"transform":{"y":-180.1143,"x":-5.55},"name":"stuff_10","parent":"root"},{"length":91,"transform":{"y":-105.1643,"skX":-87.843,"skY":-87.843,"x":63.85},"parent":"root","name":"cupboard_1"},{"length":101,"transform":{"y":-60.0643,"skX":-86.864,"skY":-86.864,"x":137.4},"parent":"root","name":"cupboard_2"},{"length":73,"transform":{"y":-12.1643,"skX":-86.152,"skY":-86.152,"x":221.35},"parent":"root","name":"cupboard_3"},{"length":83,"transform":{"y":17.6857,"skX":-88.5559,"skY":-88.5559},"parent":"root","name":"mesa_copia_2"},{"length":96,"transform":{"y":-3.8143,"skX":-90.4156,"skY":-90.4156,"x":43.7},"parent":"root","name":"mesa_copia_3"},{"transform":{"y":-42.0143,"x":15.95},"name":"stuff_12","parent":"root"},{"transform":{"y":-66.3143,"x":65.25},"name":"stuff_11","parent":"root"},{"length":56,"transform":{"y":0.3357,"skX":-91.427,"skY":-91.427,"x":-95.75},"parent":"root","name":"seller_1"},{"length":52,"transform":{"y":57.9357,"skX":-88.4593,"skY":-88.4593,"x":-24.3},"parent":"root","name":"seller_3"},{"length":48,"transform":{"y":61.3857,"skX":-88.3483,"skY":-88.3483,"x":38.15},"parent":"root","name":"seller_2"},{"length":59,"transform":{"y":30.55,"skX":88.8909,"skY":88.8909,"x":104.4},"parent":"hanging","name":"hang_6"},{"length":88,"transform":{"y":-28.3,"skX":87.0162,"skY":87.0162,"x":-147.1},"parent":"hanging","name":"hang_14"},{"length":60,"transform":{"y":64,"skX":87.8247,"skY":87.8247,"x":-112.5},"parent":"hanging","name":"hang_1"},{"length":83,"transform":{"y":-11,"skX":87.2098,"skY":87.2098,"x":196.65},"parent":"hanging","name":"hang_5"},{"length":84,"transform":{"y":2.85,"skX":88.0414,"skY":88.0414,"x":171.85},"parent":"hanging","name":"hang_4"},{"length":68,"transform":{"y":18.45,"skX":90,"skY":90,"x":-193.25},"parent":"hanging","name":"hang_2"},{"length":81,"transform":{"y":102.65,"skX":89.1955,"skY":89.1955,"x":-21.35},"parent":"hanging","name":"hang_3"},{"length":60,"transform":{"y":14.4,"skX":90,"skY":90,"x":134.95},"parent":"hanging","name":"hang_7"}],"slot":[{"name":"table_shadow","parent":"root","color":{}},{"z":1,"name":"mesa_copia_3","parent":"mesa_copia_3","color":{}},{"z":2,"name":"mesa_copia_2","parent":"mesa_copia_2","color":{}},{"z":3,"name":"seller_3","parent":"seller_3","color":{}},{"z":4,"name":"seller_2","parent":"seller_2","color":{}},{"z":5,"name":"mostrador_copia_4","parent":"mostrador_copia_4","color":{}},{"z":6,"name":"mostrador_copia_5","parent":"mostrador_copia_5","color":{}},{"z":7,"name":"mostrador_copia_7","parent":"mostrador_copia_7","color":{}},{"z":8,"name":"mostrador_copia_2","parent":"mostrador_copia_2","color":{}},{"z":9,"name":"mostrador_copia","parent":"mostrador_copia","color":{}},{"z":10,"name":"mostrador_copia_6","parent":"mostrador_copia_6","color":{}},{"z":11,"name":"seller_1","parent":"seller_1","color":{}},{"z":12,"name":"stuff_12","parent":"stuff_12","color":{}},{"z":13,"name":"stuff_11","parent":"stuff_11","color":{}},{"z":14,"name":"stuff_10","parent":"stuff_10","color":{}},{"z":15,"name":"stuff_9","parent":"stuff_9","color":{}},{"z":16,"name":"stuff_8","parent":"stuff_8","color":{}},{"z":17,"name":"box_2","parent":"box_2","color":{}},{"z":18,"name":"box_1","parent":"box_1","color":{}},{"z":19,"name":"stuff_7","parent":"stuff_7","color":{}},{"z":20,"name":"stuff_6","parent":"stuff_6","color":{}},{"z":21,"name":"stuff_5","parent":"stuff_5","color":{}},{"z":22,"name":"stuff_4","parent":"stuff_4","color":{}},{"z":23,"name":"stuff_3","parent":"stuff_3","color":{}},{"z":24,"name":"stuff_2","parent":"stuff_2","color":{}},{"z":25,"name":"stuff_1","parent":"stuff_1","color":{}},{"z":26,"name":"cupboard_1","parent":"cupboard_1","color":{}},{"z":27,"name":"cupboard_2","parent":"cupboard_2","color":{}},{"z":28,"name":"cupboard_3","parent":"cupboard_3","color":{}},{"z":29,"name":"hang_14","parent":"hang_14","color":{}},{"z":30,"name":"hang_7","parent":"hang_7","color":{}},{"z":31,"name":"hang_6","parent":"hang_6","color":{}},{"z":32,"name":"hang_5","parent":"hang_5","color":{}},{"z":33,"name":"hang_4","parent":"hang_4","color":{}},{"z":34,"name":"hang_3","parent":"hang_3","color":{}},{"z":35,"name":"hang_2","parent":"hang_2","color":{}},{"z":36,"name":"hang_1","parent":"hang_1","color":{}},{"z":37,"name":"pork_roof2","parent":"roof2","color":{}},{"z":38,"name":"pork_roof","parent":"roof","color":{}},{"z":39,"name":"pork_sign_b_shadow","parent":"roof","color":{}},{"z":40,"name":"pork_sign_b","parent":"pork_sign_b","color":{}},{"z":41,"name":"pork_light_p","parent":"roof2","color":{}},{"z":42,"name":"pork_light_w","parent":"roof2","color":{}},{"z":43,"name":"pork_sign_s","parent":"pork_sign_s","color":{}}],"animation":[{"playTimes":0,"frame":[],"ik":[],"bone":[{"frame":[{"duration":70,"transform":{}}],"name":"root"},{"frame":[{"duration":4,"transform":{}},{"duration":6,"transform":{"y":-22.702},"curve":[0.5,0,0.5,1]},{"duration":60,"transform":{}}],"name":"mostrador_copia_6"},{"frame":[{"duration":20,"transform":{}},{"duration":6,"transform":{"y":-19.7657},"curve":[0.5,0,0.5,1]},{"duration":44,"transform":{}}],"name":"pork_sign_s"},{"frame":[{"duration":16,"transform":{}},{"duration":4,"transform":{"y":-15.6478},"curve":[0.5,0,0.5,1]},{"duration":50,"transform":{}}],"name":"roof"},{"frame":[{"duration":14,"transform":{}},{"duration":6,"transform":{"y":-12.2712},"curve":[0.5,0,0.5,1]},{"duration":50,"transform":{}}],"name":"roof2"},{"frame":[{"duration":6,"transform":{}},{"duration":64,"transform":{}}],"name":"hanging"},{"frame":[{"duration":18,"transform":{}},{"duration":6,"transform":{"y":-17.295},"curve":[0.5,0,0.5,1]},{"duration":46,"transform":{}}],"name":"pork_sign_b"},{"frame":[{"duration":6,"transform":{}},{"duration":6,"transform":{"y":-25.9764},"curve":[0.5,0,0.5,1]},{"duration":58,"transform":{}}],"name":"stuff_7"},{"frame":[{"duration":6,"transform":{"y":-27.7188},"curve":[0.5,0,0.5,1]},{"duration":64,"transform":{}}],"name":"mostrador_copia_2"},{"frame":[{"duration":8,"transform":{}},{"duration":6,"transform":{"y":-17.4631},"curve":[0.5,0,0.5,1]},{"duration":56,"transform":{}}],"name":"box_2"},{"frame":[{"duration":4,"transform":{}},{"duration":6,"transform":{"y":-22.702},"curve":[0.5,0,0.5,1]},{"duration":60,"transform":{}}],"name":"stuff_6"},{"frame":[{"duration":2,"transform":{}},{"duration":6,"transform":{"y":-22.9461},"curve":[0.5,0,0.5,1]},{"duration":62,"transform":{}}],"name":"mostrador_copia"},{"frame":[{"duration":6,"transform":{}},{"duration":6,"transform":{"y":-17.6377},"curve":[0.5,0,0.5,1]},{"duration":58,"transform":{}}],"name":"box_1"},{"frame":[{"duration":12,"transform":{}},{"duration":6,"transform":{"y":-14.8436},"curve":[0.5,0,0.5,1]},{"duration":52,"transform":{}}],"name":"stuff_4"},{"frame":[{"duration":7,"transform":{}},{"duration":6,"transform":{"y":-13.9705},"curve":[0.5,0,0.5,1]},{"duration":57,"transform":{}}],"name":"stuff_3"},{"frame":[{"duration":10,"transform":{}},{"duration":6,"transform":{"y":-10.4779},"curve":[0.5,0,0.5,1]},{"duration":54,"transform":{}}],"name":"stuff_5"},{"frame":[{"duration":9,"transform":{}},{"duration":6,"transform":{"y":-13.0973},"curve":[0.5,0,0.5,1]},{"duration":55,"transform":{}}],"name":"stuff_2"},{"frame":[{"duration":6,"transform":{}},{"duration":6,"transform":{"y":-14.3198},"curve":[0.5,0,0.5,1]},{"duration":58,"transform":{}}],"name":"mostrador_copia_7"},{"frame":[{"duration":11,"transform":{}},{"duration":6,"transform":{"y":-16.59},"curve":[0.5,0,0.5,1]},{"duration":53,"transform":{}}],"name":"stuff_1"},{"frame":[{"duration":4,"transform":{}},{"duration":6,"transform":{"y":-22.7763},"curve":[0.5,0,0.5,1]},{"duration":60,"transform":{}}],"name":"mostrador_copia_5"},{"frame":[{"duration":8,"transform":{}},{"duration":6,"transform":{"y":-23.0416},"curve":[0.5,0,0.5,1]},{"duration":56,"transform":{}}],"name":"stuff_8"},{"frame":[{"duration":8,"transform":{}},{"duration":6,"transform":{"y":-14.8243},"curve":[0.5,0,0.5,1]},{"duration":56,"transform":{}}],"name":"mostrador_copia_4"},{"frame":[{"duration":10,"transform":{}},{"duration":6,"transform":{"y":-9.0593},"curve":[0.5,0,0.5,1]},{"duration":54,"transform":{}}],"name":"stuff_9"},{"frame":[{"duration":12,"transform":{}},{"duration":6,"transform":{"y":-12.3535},"curve":[0.5,0,0.5,1]},{"duration":52,"transform":{}}],"name":"stuff_10"},{"frame":[{"duration":8,"transform":{}},{"duration":6,"transform":{"y":-21.9805},"curve":[0.5,0,0.5,1]},{"duration":56,"transform":{}}],"name":"cupboard_1"},{"frame":[{"duration":10,"transform":{}},{"duration":6,"transform":{"y":-15.3484},"curve":[0.5,0,0.5,1]},{"duration":54,"transform":{}}],"name":"cupboard_2"},{"frame":[{"duration":12,"transform":{}},{"duration":6,"transform":{"y":-22.7005},"curve":[0.5,0,0.5,1]},{"duration":52,"transform":{}}],"name":"cupboard_3"},{"frame":[{"duration":14,"transform":{}},{"duration":6,"transform":{"y":-13.1771},"curve":[0.5,0,0.5,1]},{"duration":50,"transform":{}}],"name":"mesa_copia_2"},{"frame":[{"duration":10,"transform":{}},{"duration":6,"transform":{"y":-20.5481},"curve":[0.5,0,0.5,1]},{"duration":54,"transform":{}}],"name":"mesa_copia_3"},{"frame":[{"duration":18,"transform":{}},{"duration":6,"transform":{"y":-14.8243},"curve":[0.5,0,0.5,1]},{"duration":46,"transform":{}}],"name":"stuff_12"},{"frame":[{"duration":16,"transform":{}},{"duration":6,"transform":{"y":-17.295},"curve":[0.5,0,0.5,1]},{"duration":48,"transform":{}}],"name":"stuff_11"},{"frame":[{"duration":12,"transform":{}},{"duration":6,"transform":{"y":-9.8828},"curve":[0.5,0,0.5,1]},{"duration":52,"transform":{}}],"name":"seller_1"},{"frame":[{"duration":15,"transform":{}},{"duration":6,"transform":{"y":-15.6478},"curve":[0.5,0,0.5,1]},{"duration":49,"transform":{}}],"name":"seller_3"},{"frame":[{"duration":18,"transform":{}},{"duration":6,"transform":{"y":-13.1771},"curve":[0.5,0,0.5,1]},{"duration":46,"transform":{}}],"name":"seller_2"},{"frame":[{"duration":20,"transform":{}},{"duration":4,"transform":{"skX":76.9991,"skY":76.9991},"curve":[0.5,0,0.5,1]},{"duration":4,"transform":{"skX":-12.0009,"skY":-12.0009},"curve":[0.5,0,0.5,1]},{"duration":3,"transform":{"skX":6.9991,"skY":6.9991},"curve":[0.5,0,0.5,1]},{"duration":2,"transform":{"skX":-7.0009,"skY":-7.0009},"curve":[0.5,0,0.5,1]},{"duration":37,"transform":{"skX":1.1091,"skY":1.1091}}],"name":"hang_6"},{"frame":[{"duration":20,"transform":{}},{"duration":4,"transform":{"skX":-64,"skY":-64},"curve":[0.5,0,0.5,1]},{"duration":4,"transform":{"skX":12,"skY":12},"curve":[0.5,0,0.5,1]},{"duration":3,"transform":{"skX":-11,"skY":-11},"curve":[0.5,0,0.5,1]},{"duration":2,"transform":{"skX":12,"skY":12},"curve":[0.5,0,0.5,1]},{"duration":37,"transform":{}}],"name":"hang_14"},{"frame":[{"duration":20,"transform":{}},{"duration":4,"transform":{"skX":-64,"skY":-64},"curve":[0.5,0,0.5,1]},{"duration":4,"transform":{"skX":12,"skY":12},"curve":[0.5,0,0.5,1]},{"duration":3,"transform":{"skX":-11,"skY":-11},"curve":[0.5,0,0.5,1]},{"duration":2,"transform":{"skX":12,"skY":12},"curve":[0.5,0,0.5,1]},{"duration":37,"transform":{}}],"name":"hang_1"},{"frame":[{"duration":20,"transform":{}},{"duration":4,"transform":{"skX":76.9991,"skY":76.9991},"curve":[0.5,0,0.5,1]},{"duration":4,"transform":{"skX":-12.0009,"skY":-12.0009},"curve":[0.5,0,0.5,1]},{"duration":3,"transform":{"skX":6.9991,"skY":6.9991},"curve":[0.5,0,0.5,1]},{"duration":2,"transform":{"skX":-7.0009,"skY":-7.0009},"curve":[0.5,0,0.5,1]},{"duration":37,"transform":{"skX":1.1091,"skY":1.1091}}],"name":"hang_5"},{"frame":[{"duration":20,"transform":{}},{"duration":4,"transform":{"skX":76.9991,"skY":76.9991},"curve":[0.5,0,0.5,1]},{"duration":4,"transform":{"skX":-12.0009,"skY":-12.0009},"curve":[0.5,0,0.5,1]},{"duration":3,"transform":{"skX":6.9991,"skY":6.9991},"curve":[0.5,0,0.5,1]},{"duration":2,"transform":{"skX":-7.0009,"skY":-7.0009},"curve":[0.5,0,0.5,1]},{"duration":37,"transform":{"skX":1.1091,"skY":1.1091}}],"name":"hang_4"},{"frame":[{"duration":20,"transform":{}},{"duration":4,"transform":{"skX":-64,"skY":-64},"curve":[0.5,0,0.5,1]},{"duration":4,"transform":{"skX":12,"skY":12},"curve":[0.5,0,0.5,1]},{"duration":3,"transform":{"skX":-11,"skY":-11},"curve":[0.5,0,0.5,1]},{"duration":2,"transform":{"skX":12,"skY":12},"curve":[0.5,0,0.5,1]},{"duration":37,"transform":{}}],"name":"hang_2"},{"frame":[{"duration":20,"transform":{}},{"duration":4,"transform":{"y":-71,"skX":-64,"skY":-64},"curve":[0.5,0,0.5,1]},{"duration":4,"transform":{"skX":12,"skY":12},"curve":[0.5,0,0.5,1]},{"duration":3,"transform":{"skX":-11,"skY":-11},"curve":[0.5,0,0.5,1]},{"duration":2,"transform":{"skX":12,"skY":12},"curve":[0.5,0,0.5,1]},{"duration":37,"transform":{}}],"name":"hang_3"},{"frame":[{"duration":20,"transform":{}},{"duration":4,"transform":{"skX":76.9991,"skY":76.9991},"curve":[0.5,0,0.5,1]},{"duration":4,"transform":{"skX":-12.0009,"skY":-12.0009},"curve":[0.5,0,0.5,1]},{"duration":3,"transform":{"skX":6.9991,"skY":6.9991},"curve":[0.5,0,0.5,1]},{"duration":2,"transform":{"skX":-7.0009,"skY":-7.0009},"curve":[0.5,0,0.5,1]},{"duration":37,"transform":{"skX":1.1091,"skY":1.1091}}],"name":"hang_7"}],"slot":[{"frame":[{"duration":16,"displayIndex":-1,"tweenEasing":null},{"duration":4,"color":{"aM":0},"curve":[0.5,0,0.5,1]},{"duration":50,"tweenEasing":null}],"name":"table_shadow"},{"frame":[{"duration":8,"displayIndex":-1,"tweenEasing":null},{"duration":2,"color":{"aM":0},"curve":[0.5,0,0.5,1]},{"duration":60,"tweenEasing":null}],"name":"mesa_copia_3"},{"frame":[{"duration":12,"displayIndex":-1,"tweenEasing":null},{"duration":2,"color":{"aM":0},"curve":[0.5,0,0.5,1]},{"duration":56,"tweenEasing":null}],"name":"mesa_copia_2"},{"frame":[{"duration":13,"displayIndex":-1,"tweenEasing":null},{"duration":2,"color":{"aM":0},"curve":[0.5,0,0.5,1]},{"duration":55,"tweenEasing":null}],"name":"seller_3"},{"frame":[{"duration":16,"displayIndex":-1,"tweenEasing":null},{"duration":2,"color":{"aM":0},"curve":[0.5,0,0.5,1]},{"duration":52,"tweenEasing":null}],"name":"seller_2"},{"frame":[{"duration":6,"displayIndex":-1,"tweenEasing":null},{"duration":2,"color":{"aM":0},"curve":[0.5,0,0.5,1]},{"duration":62,"tweenEasing":null}],"name":"mostrador_copia_4"},{"frame":[{"duration":2,"displayIndex":-1,"tweenEasing":null},{"duration":2,"color":{"aM":0},"curve":[0.5,0,0.5,1]},{"duration":66,"tweenEasing":null}],"name":"mostrador_copia_5"},{"frame":[{"duration":4,"displayIndex":-1,"tweenEasing":null},{"duration":2,"color":{"aM":0},"curve":[0.5,0,0.5,1]},{"duration":64,"tweenEasing":null}],"name":"mostrador_copia_7"},{"frame":[{"duration":2,"color":{"aM":0},"curve":[0.5,0,0.5,1]},{"duration":68,"tweenEasing":null}],"name":"mostrador_copia"},{"frame":[{"duration":2,"displayIndex":-1,"tweenEasing":null},{"duration":2,"color":{"aM":0},"curve":[0.5,0,0.5,1]},{"duration":66,"tweenEasing":null}],"name":"mostrador_copia_6"},{"frame":[{"duration":10,"displayIndex":-1,"tweenEasing":null},{"duration":2,"color":{"aM":0},"curve":[0.5,0,0.5,1]},{"duration":58,"tweenEasing":null}],"name":"seller_1"},{"frame":[{"duration":16,"displayIndex":-1,"tweenEasing":null},{"duration":2,"color":{"aM":0},"curve":[0.5,0,0.5,1]},{"duration":52,"tweenEasing":null}],"name":"stuff_12"},{"frame":[{"duration":14,"displayIndex":-1,"tweenEasing":null},{"duration":2,"color":{"aM":0},"curve":[0.5,0,0.5,1]},{"duration":54,"tweenEasing":null}],"name":"stuff_11"},{"frame":[{"duration":10,"displayIndex":-1,"tweenEasing":null},{"duration":2,"color":{"aM":0},"curve":[0.5,0,0.5,1]},{"duration":58,"tweenEasing":null}],"name":"stuff_10"},{"frame":[{"duration":8,"displayIndex":-1,"tweenEasing":null},{"duration":2,"color":{"aM":0},"curve":[0.5,0,0.5,1]},{"duration":60,"tweenEasing":null}],"name":"stuff_9"},{"frame":[{"duration":6,"displayIndex":-1,"tweenEasing":null},{"duration":2,"color":{"aM":0},"curve":[0.5,0,0.5,1]},{"duration":62,"tweenEasing":null}],"name":"stuff_8"},{"frame":[{"duration":6,"displayIndex":-1,"tweenEasing":null},{"duration":2,"color":{"aM":0},"curve":[0.5,0,0.5,1]},{"duration":62,"tweenEasing":null}],"name":"box_2"},{"frame":[{"duration":4,"displayIndex":-1,"tweenEasing":null},{"duration":2,"color":{"aM":0},"curve":[0.5,0,0.5,1]},{"duration":64,"tweenEasing":null}],"name":"box_1"},{"frame":[{"duration":4,"displayIndex":-1,"tweenEasing":null},{"duration":2,"color":{"aM":0},"curve":[0.5,0,0.5,1]},{"duration":64,"tweenEasing":null}],"name":"stuff_7"},{"frame":[{"duration":2,"displayIndex":-1,"tweenEasing":null},{"duration":2,"color":{"aM":0},"curve":[0.5,0,0.5,1]},{"duration":66,"tweenEasing":null}],"name":"stuff_6"},{"frame":[{"duration":8,"displayIndex":-1,"tweenEasing":null},{"duration":2,"color":{"aM":0},"curve":[0.5,0,0.5,1]},{"duration":60,"tweenEasing":null}],"name":"stuff_5"},{"frame":[{"duration":10,"displayIndex":-1,"tweenEasing":null},{"duration":2,"color":{"aM":0},"curve":[0.5,0,0.5,1]},{"duration":58,"tweenEasing":null}],"name":"stuff_4"},{"frame":[{"duration":5,"displayIndex":-1,"tweenEasing":null},{"duration":2,"color":{"aM":0},"curve":[0.5,0,0.5,1]},{"duration":63,"tweenEasing":null}],"name":"stuff_3"},{"frame":[{"duration":7,"displayIndex":-1,"tweenEasing":null},{"duration":2,"color":{"aM":0},"curve":[0.5,0,0.5,1]},{"duration":61,"tweenEasing":null}],"name":"stuff_2"},{"frame":[{"duration":9,"displayIndex":-1,"tweenEasing":null},{"duration":2,"color":{"aM":0},"curve":[0.5,0,0.5,1]},{"duration":59,"tweenEasing":null}],"name":"stuff_1"},{"frame":[{"duration":6,"displayIndex":-1,"tweenEasing":null},{"duration":2,"color":{"aM":0},"curve":[0.5,0,0.5,1]},{"duration":62,"tweenEasing":null}],"name":"cupboard_1"},{"frame":[{"duration":8,"displayIndex":-1,"tweenEasing":null},{"duration":2,"color":{"aM":0},"curve":[0.5,0,0.5,1]},{"duration":60,"tweenEasing":null}],"name":"cupboard_2"},{"frame":[{"duration":10,"displayIndex":-1,"tweenEasing":null},{"duration":2,"color":{"aM":0},"curve":[0.5,0,0.5,1]},{"duration":58,"tweenEasing":null}],"name":"cupboard_3"},{"frame":[{"duration":20,"displayIndex":-1,"tweenEasing":null},{"duration":50,"tweenEasing":null}],"name":"hang_14"},{"frame":[{"duration":20,"displayIndex":-1,"tweenEasing":null},{"duration":50,"tweenEasing":null}],"name":"hang_7"},{"frame":[{"duration":20,"displayIndex":-1,"tweenEasing":null},{"duration":50,"tweenEasing":null}],"name":"hang_6"},{"frame":[{"duration":20,"displayIndex":-1,"tweenEasing":null},{"duration":50,"tweenEasing":null}],"name":"hang_5"},{"frame":[{"duration":20,"displayIndex":-1,"tweenEasing":null},{"duration":50,"tweenEasing":null}],"name":"hang_4"},{"frame":[{"duration":20,"displayIndex":-1,"tweenEasing":null},{"duration":50,"tweenEasing":null}],"name":"hang_3"},{"frame":[{"duration":20,"displayIndex":-1,"tweenEasing":null},{"duration":50,"tweenEasing":null}],"name":"hang_2"},{"frame":[{"duration":20,"displayIndex":-1,"tweenEasing":null},{"duration":50,"tweenEasing":null}],"name":"hang_1"},{"frame":[{"duration":12,"displayIndex":-1,"tweenEasing":null},{"duration":2,"color":{"aM":0},"curve":[0.5,0,0.5,1]},{"duration":56,"tweenEasing":null}],"name":"pork_roof2"},{"frame":[{"duration":14,"displayIndex":-1,"tweenEasing":null},{"duration":2,"color":{"aM":0},"curve":[0.5,0,0.5,1]},{"duration":54,"tweenEasing":null}],"name":"pork_roof"},{"frame":[{"duration":25,"displayIndex":-1,"tweenEasing":null},{"duration":2,"color":{"aM":0},"curve":[0.5,0,0.5,1]},{"duration":43,"tweenEasing":null}],"name":"pork_sign_b_shadow"},{"frame":[{"duration":16,"displayIndex":-1,"tweenEasing":null},{"duration":2,"color":{"aM":0},"curve":[0.5,0,0.5,1]},{"duration":52,"tweenEasing":null}],"name":"pork_sign_b"},{"frame":[{"duration":12,"displayIndex":-1,"tweenEasing":null},{"duration":2,"color":{"aM":0},"curve":[0.5,0,0.5,1]},{"duration":56,"tweenEasing":null}],"name":"pork_light_p"},{"frame":[{"duration":12,"displayIndex":-1,"tweenEasing":null},{"duration":2,"color":{"aM":0},"curve":[0.5,0,0.5,1]},{"duration":2,"curve":[0.5,0,0.5,1]},{"duration":6,"curve":[0.5,0,0.5,1]},{"duration":6,"color":{"aM":0},"curve":[0.5,0,0.5,1]},{"duration":6,"curve":[0.5,0,0.5,1]},{"duration":6,"color":{"aM":0},"curve":[0.5,0,0.5,1]},{"duration":6,"curve":[0.5,0,0.5,1]},{"duration":6,"color":{"aM":0},"curve":[0.5,0,0.5,1]},{"duration":6,"curve":[0.5,0,0.5,1]},{"duration":6,"color":{"aM":0},"curve":[0.5,0,0.5,1]},{"duration":6,"curve":[0.5,0,0.5,1]},{"duration":0,"color":{"aM":0},"tweenEasing":null}],"name":"pork_light_w"},{"frame":[{"duration":18,"displayIndex":-1,"tweenEasing":null},{"duration":2,"color":{"aM":0},"curve":[0.5,0,0.5,1]},{"duration":50,"tweenEasing":null}],"name":"pork_sign_s"}],"ffd":[],"duration":70,"name":"newAnimation"}],"aabb":{"width":585,"y":-397.21428571428567,"height":551,"x":-292},"skin":[{"name":"","slot":[{"display":[{"path":"pork/cupboard_1","type":"image","name":"pork/cupboard_1","transform":{"y":7.9288,"skX":87.843,"skY":87.843,"x":45.8809}}],"name":"cupboard_1"},{"display":[{"path":"pork/stuff_1","type":"image","name":"pork/stuff_1","transform":{"y":-10.2082,"skX":89.0371,"skY":89.0371,"x":33.1331}}],"name":"stuff_1"},{"display":[{"path":"pork/hang_5","type":"image","name":"pork/hang_5","transform":{"y":0.3977,"skX":-87.2098,"skY":-87.2098,"x":41.0293}}],"name":"hang_5"},{"display":[{"path":"pork/pork_sign_s","type":"image","name":"pork/pork_sign_s","transform":{"y":-7.2,"x":8.2}}],"name":"pork_sign_s"},{"display":[{"path":"pork/mostrador_copia_6","type":"image","name":"pork/mostrador_copia_6","transform":{"y":-12.2477,"skX":91.8487,"skY":91.8487,"x":42.117}}],"name":"mostrador_copia_6"},{"display":[{"path":"pork/stuff_11","type":"image","name":"stuff_11","transform":{"y":20.6,"x":-58.25}}],"name":"stuff_11"},{"display":[{"path":"pork/stuff_8","type":"image","name":"pork/stuff_8","transform":{"y":4.55,"x":6.35}}],"name":"stuff_8"},{"display":[{"path":"pork/cupboard_3","type":"image","name":"pork/cupboard_3","transform":{"y":4.9159,"skX":86.152,"skY":86.152,"x":33.4553}}],"name":"cupboard_3"},{"display":[{"path":"pork/seller_1","type":"image","name":"seller_1","transform":{"y":2.1631,"skX":88.4593,"skY":88.4593,"x":23.7167}}],"name":"seller_3"},{"display":[{"path":"pork/pork_sign_b","type":"image","name":"pork/pork_sign_b","transform":{"y":-12.6088,"skX":88.6375,"skY":88.6375,"x":75.9217}}],"name":"pork_sign_b"},{"display":[{"path":"pork/pork_light_p","type":"image","name":"pork/pork_light_p","transform":{"y":-62.85,"x":40}}],"name":"pork_light_p"},{"display":[{"path":"pork/mostrador_copia","type":"image","name":"mostrador_copia","transform":{"y":38.0013,"skX":87.1638,"skY":87.1638,"x":30.2174}}],"name":"mostrador_copia_2"},{"display":[{"path":"pork/stuff_2","type":"image","name":"pork/stuff_2","transform":{"y":-2.7725,"skX":86.7948,"skY":86.7948,"x":10.1609}}],"name":"stuff_2"},{"display":[{"path":"pork/mesa_copia_2","type":"image","name":"pork/mesa_copia_2","transform":{"y":-17.4541,"skX":88.5559,"skY":88.5559,"x":57.4784}}],"name":"mesa_copia_2"},{"display":[{"path":"pork/hang_2","type":"image","name":"pork/hang_2","transform":{"y":0.5,"skX":-90,"skY":-90,"x":31.55}}],"name":"hang_2"},{"display":[{"path":"pork/pork_roof2","type":"image","name":"pork/pork_roof2","transform":{"y":-115.85,"x":40.5}}],"name":"pork_roof2"},{"display":[{"path":"pork/pork_roof","type":"image","name":"pork/pork_roof","transform":{"y":29.3,"x":3.7}}],"name":"pork_roof"},{"display":[{"path":"pork/stuff_5","type":"image","name":"pork/stuff_5","transform":{"y":3.75,"x":5.3}}],"name":"stuff_5"},{"display":[{"path":"pork/stuff_6","type":"image","name":"pork/stuff_6","transform":{"y":10.765,"skX":87.2833,"skY":87.2833,"x":34.7493}}],"name":"stuff_6"},{"display":[{"path":"pork/cupboard_1","type":"image","name":"cupboard_1","transform":{"y":10.6378,"skX":86.864,"skY":86.864,"x":45.2998}}],"name":"cupboard_2"},{"display":[{"path":"pork/hang_3","type":"image","name":"pork/hang_3","transform":{"y":5.3818,"skX":-89.1955,"skY":-89.1955,"x":34.2778}}],"name":"hang_3"},{"display":[{"path":"pork/box_1","type":"image","name":"pork/box_1","transform":{"y":6.2455,"skX":86.7295,"skY":86.7295,"x":21.291}}],"name":"box_1"},{"display":[{"path":"pork/mostrador_copia_4","type":"image","name":"pork/mostrador_copia_4","transform":{"y":-4.2681,"skX":87.6518,"skY":87.6518,"x":49.1664}}],"name":"mostrador_copia_4"},{"display":[{"path":"pork/stuff_3","type":"image","name":"stuff_3","transform":{"y":2.7,"x":4.65}}],"name":"stuff_9"},{"display":[{"path":"pork/table_shadow","type":"image","name":"pork/table_shadow","transform":{"y":-0.7143,"x":55.5}}],"name":"table_shadow"},{"display":[{"path":"pork/hang_6","type":"image","name":"pork/hang_6","transform":{"y":-3.7114,"skX":-88.8909,"skY":-88.8909,"x":33.028}}],"name":"hang_6"},{"display":[{"path":"pork/hang_6","type":"image","name":"hang_6","transform":{"y":-4.8,"skX":-90,"skY":-90,"x":32.1}}],"name":"hang_7"},{"display":[{"path":"pork/stuff_11","type":"image","name":"stuff_11","transform":{"y":-30.7,"x":42.05}}],"name":"stuff_12"},{"display":[{"path":"pork/pork_sign_b_shadow","type":"image","name":"pork/pork_sign_b_shadow","transform":{"y":5.3,"x":19.2}}],"name":"pork_sign_b_shadow"},{"display":[{"path":"pork/mostrador_copia_6","type":"image","name":"mostrador_copia_6","transform":{"y":-11.0252,"skX":89.5301,"skY":89.5301,"x":39.6109}}],"name":"mostrador_copia_7"},{"display":[{"path":"pork/mostrador_copia_5","type":"image","name":"pork/mostrador_copia_5","transform":{"y":17.9335,"skX":92.2959,"skY":92.2959,"x":62.882}}],"name":"mostrador_copia_5"},{"display":[{"path":"pork/mesa_copia_2","type":"image","name":"mesa_copia_2","transform":{"y":-20.2686,"skX":90.4156,"skY":90.4156,"x":59.5486}}],"name":"mesa_copia_3"},{"display":[{"path":"pork/hang_4","type":"image","name":"pork/hang_4","transform":{"y":-0.958,"skX":-88.0414,"skY":-88.0414,"x":42.2074}}],"name":"hang_4"},{"display":[{"path":"pork/pork_light_w","type":"image","name":"pork/pork_light_w","transform":{"y":-62.85,"x":40}}],"name":"pork_light_w"},{"display":[{"path":"pork/seller_1","type":"image","name":"pork/seller_1","transform":{"y":0.9485,"skX":91.427,"skY":91.427,"x":28.0351}}],"name":"seller_1"},{"display":[{"path":"pork/stuff_8","type":"image","name":"stuff_8","transform":{"y":3.9,"x":1.55}}],"name":"stuff_10"},{"display":[{"path":"pork/stuff_3","type":"image","name":"pork/stuff_3","transform":{"y":0.5,"x":0.2}}],"name":"stuff_3"},{"display":[{"path":"pork/stuff_4","type":"image","name":"pork/stuff_4","transform":{"y":5.3831,"skX":91.5189,"skY":91.5189,"x":10.611}}],"name":"stuff_4"},{"display":[{"path":"pork/hang_14","type":"image","name":"pork/hang_14","transform":{"y":-3.7443,"skX":-87.0162,"skY":-87.0162,"x":40.5499}}],"name":"hang_14"},{"display":[{"path":"pork/mostrador_copia","type":"image","name":"pork/mostrador_copia","transform":{"y":10.3064,"skX":86.5922,"skY":86.5922,"x":39.7329}}],"name":"mostrador_copia"},{"display":[{"path":"pork/hang_1","type":"image","name":"pork/hang_1","transform":{"y":-0.1293,"skX":-87.8247,"skY":-87.8247,"x":29.5262}}],"name":"hang_1"},{"display":[{"path":"pork/seller_2","type":"image","name":"pork/seller_2","transform":{"y":-2.2863,"skX":88.3483,"skY":88.3483,"x":22.0433}}],"name":"seller_2"},{"display":[{"path":"pork/box_1","type":"image","name":"box_1","transform":{"y":5.5076,"skX":87.1804,"skY":87.1804,"x":19.2943}}],"name":"box_2"},{"display":[{"path":"pork/stuff_7","type":"image","name":"pork/stuff_7","transform":{"y":18.3121,"skX":86.3426,"skY":86.3426,"x":30.1796}}],"name":"stuff_7"}]}],"name":"Armature","frameRate":24}],"name":"pork","version":"5.0"}