{
	"groups": [
		{
			"keys": "bakery_ske_json,bakery_tex_json,bakery_tex_png,blogo_png,clothing_ske_json,clothing_tex_json,clothing_tex_png,ebg_jpg,ending_1_png,ending_2_png,fish_ske_json,fish_tex_json,fish_tex_png,fruit_ske_json,fruit_tex_json,fruit_tex_png,lang_ebtn_install_png,lang_guide_png,lang_pbtn_install_png,pbase_png,pbg_jpg,pbgup_png,pboard_1_png,pboard_2_png,pboard_3_png,pboard_4_png,pboard_5_png,phand_png,pork_ske_json,pork_tex_json,pork_tex_png,description_json,gameConfig_json",
			"name": "preload"
		}
	],
	"resources": [
		{
			"url": "assets/sound/bm_bgm.mp3",
			"type": "sound",
			"name": "bm_bgm_mp3"
		},
		{
			"url": "assets/sound/smbuilding.mp3",
			"type": "sound",
			"name": "smbuilding_mp3"
		},
		{
			"url": "assets/sound/smselect.mp3",
			"type": "sound",
			"name": "smselect_mp3"
		},
		{
			"url": "assets/image/bakery_tex.png",
			"type": "image",
			"name": "bakery_tex_png"
		},
		{
			"url": "assets/image/blogo.png",
			"type": "image",
			"name": "blogo_png"
		},
		{
			"url": "assets/image/clothing_tex.png",
			"type": "image",
			"name": "clothing_tex_png"
		},
		{
			"url": "assets/image/ebg.jpg",
			"type": "image",
			"name": "ebg_jpg"
		},
		{
			"url": "assets/image/fish_tex.png",
			"type": "image",
			"name": "fish_tex_png"
		},
		{
			"url": "assets/image/fruit_tex.png",
			"type": "image",
			"name": "fruit_tex_png"
		},
		{
			"url": "assets/image/lang_ebtn_install.png",
			"type": "image",
			"name": "lang_ebtn_install_png"
		},
		{
			"url": "assets/image/lang_guide.png",
			"type": "image",
			"name": "lang_guide_png"
		},
		{
			"url": "assets/image/lang_pbtn_install.png",
			"type": "image",
			"name": "lang_pbtn_install_png"
		},
		{
			"url": "assets/image/pbase.png",
			"type": "image",
			"name": "pbase_png"
		},
		{
			"url": "assets/image/pbg.jpg",
			"type": "image",
			"name": "pbg_jpg"
		},
		{
			"url": "assets/image/pbgup.png",
			"type": "image",
			"name": "pbgup_png"
		},
		{
			"url": "assets/image/pboard_1.png",
			"type": "image",
			"name": "pboard_1_png"
		},
		{
			"url": "assets/image/pboard_2.png",
			"type": "image",
			"name": "pboard_2_png"
		},
		{
			"url": "assets/image/pboard_3.png",
			"type": "image",
			"name": "pboard_3_png"
		},
		{
			"url": "assets/image/pboard_4.png",
			"type": "image",
			"name": "pboard_4_png"
		},
		{
			"url": "assets/image/pboard_5.png",
			"type": "image",
			"name": "pboard_5_png"
		},
		{
			"url": "assets/image/phand.png",
			"type": "image",
			"name": "phand_png"
		},
		{
			"url": "assets/image/pork_tex.png",
			"type": "image",
			"name": "pork_tex_png"
		},
		{
			"url": "assets/image/ending/ending_1.png",
			"type": "image",
			"name": "ending_1_png"
		},
		{
			"url": "assets/image/ending/ending_2.png",
			"type": "image",
			"name": "ending_2_png"
		},
		{
			"url": "assets/image/bakery_tex.json",
			"type": "json",
			"name": "bakery_tex_json"
		},
		{
			"url": "assets/image/clothing_ske.json",
			"type": "json",
			"name": "clothing_ske_json"
		},
		{
			"url": "assets/image/bakery_ske.json",
			"type": "json",
			"name": "bakery_ske_json"
		},
		{
			"url": "assets/image/clothing_tex.json",
			"type": "json",
			"name": "clothing_tex_json"
		},
		{
			"url": "assets/image/fish_tex.json",
			"type": "json",
			"name": "fish_tex_json"
		},
		{
			"url": "assets/image/fish_ske.json",
			"type": "json",
			"name": "fish_ske_json"
		},
		{
			"url": "assets/image/fruit_tex.json",
			"type": "json",
			"name": "fruit_tex_json"
		},
		{
			"url": "assets/image/fruit_ske.json",
			"type": "json",
			"name": "fruit_ske_json"
		},
		{
			"url": "assets/image/pork_tex.json",
			"type": "json",
			"name": "pork_tex_json"
		},
		{
			"url": "assets/image/pork_ske.json",
			"type": "json",
			"name": "pork_ske_json"
		},
		{
			"url": "config/description.json",
			"type": "json",
			"name": "description_json"
		},
		{
			"url": "config/gameConfig.json",
			"type": "json",
			"name": "gameConfig_json"
		}
	]
}