{
    "autoEndTime": 0,
    "playAgain": 1,
    "gameConfig": {
        "consumes0": [50, 200, 600],

        "consumes1": [4200, 8000, 13000],
        "consumes2": [180000, 240000, 360000],

        "incomes0": [50, 100, 200],

        "incomes1": [1400, 2000, 2600],
        "incomes2": [36000, 48000, 60000],

        "barTimes0": [1, 1.5, 2],
        "barTimes1": [3, 4, 4.5],
        "barTimes2": [5, 5.5, 6]
    },

    "gameConfigRemark": {
        "consumes0": "各建筑升级消耗（第⼀层 玩具店）分别对应：【1-2，2-3，3-new】",
        "consumes1": "各建筑升级消耗（第⼆层 杂货铺）分别对应：【1-2，2-3，3-new】",
        "consumes2": "各建筑升级消耗（第三层 电影院）分别对应：【1-2，2-3，3-new】",
        "incomes0": "各建筑收益（第⼀层 玩具店）分别对应：【一级，二级，三级】",
        "incomes1": "各建筑收益（第⼆层 杂货铺）分别对应：【一级，二级，三级】",
        "incomes2": "各建筑收益（第三层 电影院）分别对应：【一级，二级，三级】",
        "barTime0": "各建筑进度条时间（第⼀层 玩具店）分别对应：【一级，二级，三级】",
        "barTime1": "各建筑进度条时间（第⼆层 杂货铺）分别对应：【一级，二级，三级】",
        "barTime2": "各建筑进度条时间（第三层 电影院）分别对应：【一级，二级，三级】"
    }
}